"","IUCN","Generations","median_Ne","lq_Ne","uq_Ne"
"1","CR",214.9048,17254.0373143955,4881.50311421133,103783.294604912
"2","CR",229.025614989217,17254.0373143955,4881.50311421133,103783.294604912
"3","CR",244.074270659329,17254.0373143955,4881.50311421133,103783.294604912
"4","CR",260.111732919867,17254.0373143955,4881.50311421133,103783.294604912
"5","CR",277.202973585901,17254.0373143955,4881.50311421133,103783.294604912
"6","CR",295.417233595298,17254.0373143955,4881.50311421133,103783.294604912
"7","CR",314.828303521262,17254.0373143955,4881.50311421133,103783.294604912
"8","CR",335.514822516616,17254.0373143955,4881.50311421133,103783.294604912
"9","CR",357.560596900888,17254.0373143955,4881.50311421133,103783.294604912
"10","CR",381.054939680906,17254.0373143955,4881.50311421133,103783.294604912
"11","CR",406.093032380377,17254.0373143955,4881.50311421133,103783.294604912
"12","CR",432.776310644303,17254.0373143955,4881.50311421133,103783.294604912
"13","CR",461.212875180433,17254.0373143955,4881.50311421133,103783.294604912
"14","CR",491.517929702564,17254.0373143955,4881.50311421133,103783.294604912
"15","CR",523.814247649919,17254.0373143955,4881.50311421133,103783.294604912
"16","CR",558.232669573395,17254.0373143955,4881.50311421133,103783.294604912
"17","CR",594.912633203721,17254.0373143955,4881.50311421133,103783.294604912
"18","CR",634.002738348965,17254.0373143955,4881.50311421133,103783.294604912
"19","CR",675.661348909932,17254.0373143955,4881.50311421133,103783.294604912
"20","CR",720.057234452377,17254.0373143955,4881.50311421133,103783.294604912
"21","CR",767.370253935185,17254.0373143955,4881.50311421133,103783.294604912
"22","CR",817.792084364506,17254.0373143955,4881.50311421133,103783.294604912
"23","CR",871.526997325767,16998.4718352241,4881.50311421133,103783.294604912
"24","CR",928.792686539524,16466.7298475775,4881.50311421133,103783.294604912
"25","CR",989.821149793776,16360.7446316365,4881.50311421133,70664.8945917767
"26","CR",1054.85962882566,16360.7446316365,4881.50311421133,70664.8945917767
"27","CR",1124.17161096027,16360.7446316365,4881.50311421133,70664.8945917767
"28","CR",1198.03789656441,16360.7446316365,4881.50311421133,69821.9620183174
"29","CR",1276.7577366399,16279.7260153032,4881.50311421133,68116.3179699146
"30","CR",1360.65004516509,13835.9976485476,4881.50311421133,66298.6006497888
"31","CR",1450.05469109596,13308.0652376994,4672.99362717865,64216.6980293621
"32","CR",1545.33387526128,13308.0652376994,4316.31452890925,58023.3785338294
"33","CR",1646.87359772972,13308.0652376994,4413.90149338923,51423.1127124559
"34","CR",1755.08522159371,13308.0652376994,4517.90063419465,44389.1612193652
"35","CR",1870.40713950543,13308.0652376994,4712.23508768367,38048.2230293829
"36","CR",1993.30654971621,13308.0652376994,5156.02071655193,38048.2230293829
"37","CR",2124.28134881487,11786.9594318944,5318.08290439881,38048.2230293829
"38","CR",2263.86214883264,11786.9594318944,5149.97655903841,38048.2230293829
"39","CR",2412.61442688672,11786.9594318944,4970.82439896681,38048.2230293829
"40","CR",2571.14081607106,11786.9594318944,4863.8029508311,38048.2230293829
"41","CR",2740.08354687541,11786.9594318944,5205.1983293121,38048.2230293829
"42","CR",2920.12704902345,11786.9594318944,6035.02357414621,38048.2230293829
"43","CR",3112.00072427067,11786.9594318944,6919.37439847266,38048.2230293829
"44","CR",3316.48190139531,11780.9557611225,7444.21883400001,38048.2230293829
"45","CR",3534.39898535382,11592.7081366974,7820.75588134578,38048.2230293829
"46","CR",3766.63481335886,12181.5965359945,8419.01631155597,38048.2230293829
"47","CR",4014.13023147602,12964.2199232525,9070.85826086934,38048.2230293829
"48","CR",4277.88790622919,14071.1445576458,9315.97879056263,38048.2230293829
"49","CR",4558.9763866562,14374.892776796,9140.70773836983,43192.4618727104
"50","CR",4858.53443327116,15853.557846319,9120.2142503589,50516.3055831131
"51","CR",5177.7756314713,17796.46551612,9330.7665832504,58321.379317436
"52","CR",5517.99330807825,18846.6386593082,9323.7721125026,65168.9811499944
"53","CR",5880.56577093208,21803.6194900574,9258.87362765947,68123.8053002649
"54","CR",6266.96189276488,24006.7647366659,9462.75307257899,72671.5133701819
"55","CR",6678.74706197565,26267.5338553018,10478.0406450749,73503.4254287925
"56","CR",7117.58952441452,28099.5296925621,10354.9383808779,73195.0806335038
"57","CR",7585.2671418686,30265.262091187,10221.452429775,85514.8881133254
"58","CR",8083.6745946296,32834.0639616849,10079.7059227705,91744.218084197
"59","CR",8614.83105732282,33759.9201429381,9955.91409754666,88490.5350514643
"60","CR",9180.88837909421,35329.5336265518,9941.16659965707,81200.4214271182
"61","CR",9784.13980129529,37121.8905470792,10879.3981495153,75315.3530484453
"62","CR",10427.0292479839,38044.8189816063,10752.8493050503,72067.1722982275
"63","CR",11112.1612268784,38555.2850346347,10443.5410286811,76339.9600440304
"64","CR",11842.3113808773,39099.2924357069,10468.560787775,83923.2584123828
"65","CR",12620.4377328902,38185.6602448355,10792.1350481003,88932.0639387276
"66","CR",13449.6926695369,36011.5401076095,11201.1352052885,91171.6694128198
"67","CR",14333.4357122626,36109.2069958907,11637.0096600737,89906.6541377658
"68","CR",15275.2471276088,36993.4133170247,12029.2774676436,86396.4355277219
"69","CR",16278.9424317785,37935.7184515544,12327.5357157937,82655.5699169403
"70","CR",17348.5878482572,38998.0586573701,12645.3917092763,77684.0521800614
"71","CR",18488.5167811122,39818.6820238342,12927.2033299052,75937.3179618701
"72","CR",19703.3473707086,39977.6518012295,13089.1949648283,77142.1806230672
"73","CR",20998.0012029639,39851.9687092434,13294.7628690749,78426.211561223
"74","CR",22377.7232479364,38988.2596513334,13762.8470137826,79770.1816990606
"75","CR",23848.1031085258,38644.5082040242,14273.6069090702,80149.5561639077
"76","CR",25415.097665368,38367.4680259229,15123.3347841128,79820.7168190021
"77","CR",27085.0552096646,38442.6338062209,17042.8332166792,78721.7246437029
"78","CR",28864.7411617158,37306.5642955638,19595.5243883495,74455.9996934291
"79","CR",30761.3654793496,35969.8580026042,22396.2907621518,73331.7778537725
"80","CR",32782.6118672831,35296.7410139317,25270.7019887699,75617.5891580348
"81","CR",34936.6689057542,36518.1011875121,27566.624572957,78053.5949601758
"82","CR",37232.2632245301,38652.621331369,28137.1620829962,79537.9448076158
"83","CR",39678.6948566919,42722.1915072717,29219.0850352362,79273.2011323697
"84","CR",42285.87491542,47262.7384053929,28817.3934259374,78917.716561779
"85","CR",45064.3657464196,50346.6125300362,28724.0640802847,78549.2393566109
"86","CR",48025.4237186547,53631.0997093348,29148.0796553008,78140.720678405
"87","CR",51181.0448267448,56196.1814343504,29658.7668140095,77498.7926348881
"88","CR",54544.0132897725,57683.3992511745,30205.5211369652,83141.6023014302
"89","CR",58127.9533433881,61653.6185480551,30749.994374753,88737.9466488864
"90","CR",61947.3844350334,61750.5462988178,31852.4313537036,93575.4874421692
"91","CR",66017.7800458945,61067.1206403298,33338.3089766125,93525.5655332439
"92","CR",70355.6303778874,59831.3314292842,34889.6139693837,92860.7169602274
"93","CR",74978.5091596358,58647.6053916607,37026.2693131804,98408.6568072408
"94","CR",79905.1448420892,57783.2681925419,39576.2827368815,107446.517376553
"95","CR",85155.4964722143,55950.4183173967,41338.3829733217,115033.780276249
"96","CR",90750.8345521411,54483.7561403516,44378.4992642374,118417.250799469
"97","CR",96713.8272113456,53841.7514853751,49817.3070074673,116882.64078294
"98","CR",103068.632040975,61180.5621166947,49794.1953994827,116203.795540529
"99","CR",109840.993962357,67040.0176431788,51267.7514896971,112862.727668953
"100","CR",117058.349526189,69384.1387746375,51640.3045618563,109153.914443496
"101","CR",124749.938064939,69028.3525133446,54206.2593656325,114813.643550517
"102","CR",132946.920148779,72401.6537495529,54723.0710371276,119297.890481759
"103","CR",141682.503824933,76823.3798763172,55224.0655335375,116065.708115766
"104","CR",150992.079151872,87842.690406131,58470.8080209747,116142.743831995
"105","CR",160913.361573395,100972.670956777,58938.5863584172,120519.587116112
"106","CR",171486.544713421,103905.008509873,59314.7432139946,127831.56200141
"107","CR",182754.463210534,109202.44611646,60427.1811536739,137860.830512891
"108","CR",194762.766251925,123833.816849554,61835.1877413438,150506.667739049
"109","CR",207560.102509801,125726.327203121,57337.9187188159,163925.333514628
"110","CR",221198.317229453,112276.854529426,58036.5559668735,172817.889418864
"111","CR",235732.662267456,112104.066035305,58875.0222935541,182405.265254309
"112","CR",251222.019930916,121132.510791705,60605.9588599621,195255.408887842
"113","CR",267729.141524579,123930.69316752,64418.3296792848,268106.274036038
"114","CR",285320.901572239,141763.558042029,79236.7549389399,337144.230736108
"115","CR",304068.568742345,156093.614691296,80937.7472466072,550303.826463515
"116","CR",324048.094575396,165794.914326868,83416.577302919,748810.647274153
"117","CR",345340.421182839,170901.311313432,89891.2919928159,871109.318882215
"118","CR",368031.809164034,175667.389367701,94973.9694544613,990702.308153824
"119","CR",392214.187069749,205690.725012357,96287.2510026281,740622.374428551
"120","CR",417985.52382797,211479.084806059,105987.436256607,1056361.17233987
"121","CR",445450.225640798,216260.23535075,119305.09224164,1221758.68265722
"122","CR",474719.558960383,221215.941054045,134970.784883592,1138495.88267983
"123","CR",505912.101257447,252203.340198516,142237.438897045,894073.784824558
"124","CR",539154.221408613,230630.934095723,140806.843085344,1105171.0983321
"125","CR",574580.591648674,243107.959384373,149721.40528767,1319863.72503244
"126","CR",612334.733161873,292368.227955567,159781.58949818,1319863.72503244
"127","CR",652569.597522513,388095.039610242,207553.371450179,1319863.72503244
"128","CR",695448.186340459,803123.942526844,233192.470656268,1319863.72503244
"129","CR",741144.211621887,1034287.05346242,255641.446585007,1416089.9598381
"130","CR",789842.799520536,1045509.76292635,263523.109205729,1480266.36617282
"131","CR",841741.240330581,871694.309622632,273393.227883057,1691122.56285677
"132","CR",897049.787759499,907832.14953326,278259.976777941,1705471.70499848
"133","CR",955992.510719002,984271.048032277,262009.084122934,1705471.70499848
"134","CR",1018808.20108488,1062307.52245415,266781.99152697,1705471.70499848
"135","CR",1085751.34110323,808482.010661046,254806.784338471,1435054.99286748
"136","CR",1157093.13436244,1053803.4602947,332116.959379292,1445430.74922553
"137","CR",1233122.60450748,1120752.8053445,336450.344314953,1753622.41374645
"138","CR",1314147.76614776,1233445.9103633,361750.090928766,1753622.41374645
"139","CR",1400496.87270222,1447773.53767413,623242.160424768,1826799.7230743
"140","CR",1492519.74623694,1570147.94922106,1162287.47031201,2165098.30077697
"141","CR",1590589.19468279,1757723.75888543,1281681.00914483,2605831.83098708
"142","CR",1695102.5221746,1811472.64198846,1281681.00914483,2745313.78901522
"143","CR",1806483.13863074,1811472.64198846,1281681.00914483,2805203.23236929
"144","CR",1925182.27509369,1811472.64198846,1306330.10062796,2805203.23236929
"145","CR",2051680.81178118,1944165.75992671,1344323.24089746,2805203.23236929
"146","CR",2186491.22625349,1944165.75992671,1344323.24089746,3042250.29467295
"147","CR",2330159.66958966,1944165.75992671,1344323.24089746,3042250.29467295
"148","CR",2483268.17898363,1944165.75992671,1344323.24089746,3042250.29467295
"149","CR",2646437.03572409,1944165.75992671,1429075.39696808,3042250.29467295
"150","CR",2820327.27811082,2100531.55474866,1607229.6875541,3042250.29467295
"151","CR",3005643.37948801,2100531.55474866,1607229.6875541,3042250.29467295
"152","CR",3203136.10224392,2100531.55474866,1607229.6875541,3042250.29467295
"153","CR",3413605.53933917,2100531.55474866,1607229.6875541,3042250.29467295
"154","CR",3637904.35568564,2100531.55474866,1607229.6875541,3042250.29467295
"155","CR",3876941.24250763,2217189.73246185,1734837.94740447,3042250.29467295
"156","CR",4131684.59867983,2338762.26208326,1734837.94740447,3296399.70769215
"157","CR",4403166.453956,2338762.26208326,1734837.94740447,3296399.70769215
"158","CR",4692486.64998251,2338762.26208326,1734837.94740447,3296399.70769215
"159","CR",5000817.29603497,2338762.26208326,1734837.94740447,3296399.70769215
"160","CR",5329407.51752925,2338762.26208326,1734837.94740447,3296399.70769215
"161","CR",5679588.5165445,2338762.26208326,1734837.94740447,3296399.70769215
"162","CR",6052778.96485929,2338762.26208326,1734837.94740447,3296399.70769215
"163","CR",6450490.75134988,2338762.26208326,1734837.94740447,3296399.70769215
"164","CR",6874335.10703419,2338762.26208326,1734837.94740447,3296399.70769215
"165","CR",7326029.13257624,2338762.26208326,1734837.94740447,3296399.70769215
"166","CR",7807402.75469506,2338762.26208326,1734837.94740447,3296399.70769215
"167","CR",8320406.13966064,2338762.26208326,1734837.94740447,3296399.70769215
"168","CR",8867117.59391058,2338762.26208326,1734837.94740447,3296399.70769215
"169","CR",9449751.98379504,2338762.26208326,1734837.94740447,3296399.70769215
"170","CR",10070669.7085604,2338762.26208326,1734837.94740447,3296399.70769215
"171","CR",10732386.2629235,2338762.26208326,1734837.94740447,3296399.70769215
"172","CR",11437582.4279768,2338762.26208326,1734837.94740447,3296399.70769215
"173","CR",12189115.1317107,2338762.26208326,1734837.94740447,3296399.70769215
"174","CR",12990029.0231507,2338762.26208326,1734837.94740447,3296399.70769215
"175","CR",13843568.8070014,2338762.26208326,1734837.94740447,3296399.70769215
"176","CR",14753192.3887648,2338762.26208326,1734837.94740447,3296399.70769215
"177","CR",15722584.8835908,2338762.26208326,1734837.94740447,3296399.70769215
"178","CR",16755673.5456097,2338762.26208326,1734837.94740447,3296399.70769215
"179","CR",17856643.6782325,2338762.26208326,1734837.94740447,3296399.70769215
"180","CR",19029955.5898728,2338762.26208326,1734837.94740447,3296399.70769215
"181","CR",20280362.6637846,2338762.26208326,1734837.94740447,3296399.70769215
"182","CR",21612930.6152195,2338762.26208326,1734837.94740447,3296399.70769215
"183","CR",23033058.0139202,2338762.26208326,1734837.94740447,3296399.70769215
"184","CR",24546498.1550919,2338762.26208326,1734837.94740447,3296399.70769215
"185","CR",26159382.3674557,2338762.26208326,1734837.94740447,3296399.70769215
"186","CR",27878244.8528121,2338762.26208326,1734837.94740447,3296399.70769215
"187","CR",29710049.1577446,2338762.26208326,1734837.94740447,3296399.70769215
"188","CR",31662216.3847076,2338762.26208326,1734837.94740447,3296399.70769215
"189","CR",33742655.2567896,2338762.26208326,1734837.94740447,3296399.70769215
"190","CR",35959794.1579497,2338762.26208326,1734837.94740447,3296399.70769215
"191","CR",38322615.278533,2338762.26208326,1734837.94740447,3296399.70769215
"192","CR",40840691.0043944,2338762.26208326,1734837.94740447,3296399.70769215
"193","CR",43524222.6970547,2338762.26208326,1734837.94740447,3296399.70769215
"194","CR",46384082.0219958,2338762.26208326,1734837.94740447,3296399.70769215
"195","CR",49431854.9925262,2338762.26208326,1734837.94740447,3296399.70769215
"196","CR",52679888.9076517,2338762.26208326,1734837.94740447,3296399.70769215
"197","CR",56141342.374105,2338762.26208326,1734837.94740447,3296399.70769215
"198","CR",59830238.6151895,2338762.26208326,1734837.94740447,3296399.70769215
"199","CR",63761522.282403,2338762.26208326,1734837.94740447,3296399.70769215
"200","CR",67951120.0000001,2338762.26208326,1734837.94740447,3296399.70769215
"201","EN",214.9048,22295.9226331485,7665.69245549058,60827.159117907
"202","EN",229.025614989217,22295.9226331485,7665.69245549058,60827.159117907
"203","EN",244.074270659329,22295.9226331485,7665.69245549058,60827.159117907
"204","EN",260.111732919867,22295.9226331485,7665.69245549058,60827.159117907
"205","EN",277.202973585901,22295.9226331485,7665.69245549058,60827.159117907
"206","EN",295.417233595298,22295.9226331485,7665.69245549058,60827.159117907
"207","EN",314.828303521262,22295.9226331485,7665.69245549058,60827.159117907
"208","EN",335.514822516616,22295.9226331485,7665.69245549058,60827.159117907
"209","EN",357.560596900888,22295.9226331485,7665.69245549058,60827.159117907
"210","EN",381.054939680906,22295.9226331485,7665.69245549058,60827.159117907
"211","EN",406.093032380377,22295.9226331485,7665.69245549058,60827.159117907
"212","EN",432.776310644303,22295.9226331485,7665.69245549058,60827.159117907
"213","EN",461.212875180433,22295.9226331485,7665.69245549058,60827.159117907
"214","EN",491.517929702564,22295.9226331485,7665.69245549058,60827.159117907
"215","EN",523.814247649919,22295.9226331485,7665.69245549058,60827.159117907
"216","EN",558.232669573395,22295.9226331485,7665.69245549058,60827.159117907
"217","EN",594.912633203721,22295.9226331485,7665.69245549058,60827.159117907
"218","EN",634.002738348965,22295.9226331485,7665.69245549058,60827.159117907
"219","EN",675.661348909932,22295.9226331485,7665.69245549058,60827.159117907
"220","EN",720.057234452377,22295.9226331485,7665.69245549058,60827.159117907
"221","EN",767.370253935185,22295.9226331485,7665.69245549058,60827.159117907
"222","EN",817.792084364506,22295.9226331485,7234.49198330177,60827.159117907
"223","EN",871.526997325767,21413.9640459544,6741.93906529213,60827.159117907
"224","EN",928.792686539524,21413.9640459544,6217.02182304399,60827.159117907
"225","EN",989.821149793776,21413.9640459544,6122.32049302754,60827.159117907
"226","EN",1054.85962882566,21413.9640459544,6122.32049302754,60827.159117907
"227","EN",1124.17161096027,21413.9640459544,6122.32049302754,60827.159117907
"228","EN",1198.03789656441,21413.9640459544,6049.67910226162,60827.159117907
"229","EN",1276.7577366399,21413.9640459544,5944.46062647464,60827.159117907
"230","EN",1360.65004516509,21413.9640459544,5832.32852833006,60827.159117907
"231","EN",1450.05469109596,21413.9640459544,5768.14639054649,60827.159117907
"232","EN",1545.33387526128,21413.9640459544,5718.04865451986,60827.159117907
"233","EN",1646.87359772972,21413.9640459544,5960.91106173052,60827.159117907
"234","EN",1755.08522159371,21413.9640459544,6369.68528339982,60827.159117907
"235","EN",1870.40713950543,21413.9640459544,7345.98696635917,60827.159117907
"236","EN",1993.30654971621,21413.9640459544,7863.09033971178,60827.159117907
"237","EN",2124.28134881487,21413.9640459544,8329.32213709126,60681.4091537826
"238","EN",2263.86214883264,21413.9640459544,8754.96710149287,60353.8383892146
"239","EN",2412.61442688672,21413.9640459544,8832.84009397992,60004.7438328917
"240","EN",2571.14081607106,21413.9640459544,9153.66684109008,59632.7112144892
"241","EN",2740.08354687541,22295.9226331485,9457.68931650582,59236.2333357929
"242","EN",2920.12704902345,22295.9226331485,9753.19448867428,58863.1413642041
"243","EN",3112.00072427067,22295.9226331485,9943.47277287724,58863.1413642041
"244","EN",3316.48190139531,22867.7851785281,10570.2492854251,58863.1413642041
"245","EN",3534.39898535382,24121.2333186596,10420.1072792779,58863.1413642041
"246","EN",3766.63481335886,24121.2333186596,10558.3804981026,58863.1413642041
"247","EN",4014.13023147602,25325.4303817215,10854.3235977983,59218.7692320673
"248","EN",4277.88790622919,27634.5449746934,11169.7123206636,59974.7247230586
"249","EN",4558.9763866562,27770.8168884809,11508.3743930858,63066.4345103551
"250","EN",4858.53443327116,27916.0428623119,12537.414908968,64747.4136957628
"251","EN",5177.7756314713,28070.8112433302,13606.7498437719,59494.634456878
"252","EN",5517.99330807825,27416.911320406,13826.0032317131,63237.8655578419
"253","EN",5880.56577093208,27692.9507715113,14880.9164848181,57816.2214049927
"254","EN",6266.96189276488,28447.5933717848,15582.6184660816,60035.4663851158
"255","EN",6678.74706197565,30211.5564541064,16330.4273926297,68547.8035067872
"256","EN",7117.58952441452,31334.5432929409,17127.372827525,73065.8018067061
"257","EN",7585.2671418686,29082.5900891839,17925.7497605338,73471.8375728432
"258","EN",8083.6745946296,29731.0207238217,18440.5996615403,77603.0381829345
"259","EN",8614.83105732282,29996.5558023773,19591.0703801355,71461.2410303602
"260","EN",9180.88837909421,32557.5532453884,20405.0064920051,64482.6195237104
"261","EN",9784.13980129529,32994.0331462553,19919.9242654103,64303.5628839393
"262","EN",10427.0292479839,32734.0400301936,19402.9685935676,64174.9132833436
"263","EN",11112.1612268784,31869.7057974291,19351.6794447265,64645.7381151853
"264","EN",11842.3113808773,32713.6724103678,18530.5157091649,65331.8827523663
"265","EN",12620.4377328902,33814.3819431485,16433.154433697,68874.6639060581
"266","EN",13449.6926695369,34484.8271786544,15237.9755546168,70935.9354387422
"267","EN",14333.4357122626,36237.5272339507,14893.4925096555,70266.4694063158
"268","EN",15275.2471276088,35438.4057338171,14687.158353398,63771.932718887
"269","EN",16278.9424317785,34548.4084309754,14654.2251969201,67708.1750005361
"270","EN",17348.5878482572,34703.5966890862,14620.2349545368,71044.968519193
"271","EN",18488.5167811122,34868.9819492243,14608.220287976,71492.5609729694
"272","EN",19703.3473707086,34167.789700261,14705.8466406238,71919.6216726
"273","EN",20998.0012029639,34035.6412092459,14812.5716842605,72305.3027654095
"274","EN",22377.7232479364,33831.561043499,15018.8485878842,72843.0573931688
"275","EN",23848.1031085258,32426.5821794599,15254.3157374748,74861.7296914173
"276","EN",25415.097665368,31921.9806915265,15517.7006848697,74034.5205094178
"277","EN",27085.0552096646,29595.3860498209,15829.3004281435,73125.1836585347
"278","EN",28864.7411617158,30749.9054985167,16431.8085321051,72156.0967349024
"279","EN",30761.3654793496,33788.6927438959,17880.0188272827,70989.1700700498
"280","EN",32782.6118672831,33534.1927829275,17989.3471212491,69868.7627614113
"281","EN",34936.6689057542,34396.3729658467,18182.4530891365,71381.9712047448
"282","EN",37232.2632245301,35315.2046840056,19055.7021067116,72994.6084950303
"283","EN",39678.6948566919,36107.3600795436,19732.3201589051,74497.9753224746
"284","EN",42285.87491542,36440.0688757649,20407.7442564969,76648.3719264228
"285","EN",45064.3657464196,36794.639069948,21118.9168562004,80325.8401463646
"286","EN",48025.4237186547,36952.4987382844,22233.8094844309,80829.3944687701
"287","EN",51181.0448267448,36731.2081660483,22903.3442993123,81927.4336050026
"288","EN",54544.0132897725,37513.7501580035,26358.6007861122,82185.4650759755
"289","EN",58127.9533433881,41897.3365780979,27570.4432426575,82276.971439119
"290","EN",61947.3844350334,48726.0292425523,28715.362998944,82374.4904386685
"291","EN",66017.7800458945,49750.3122404552,28797.9860736045,88609.3404059453
"292","EN",70355.6303778874,50677.6952012394,28667.2660855197,86196.5340429008
"293","EN",74978.5091596358,49948.1954777712,29572.0346045505,83895.8023205676
"294","EN",79905.1448420892,53948.5026564741,30481.4794378974,85757.8566261136
"295","EN",85155.4964722143,53049.3185601156,31413.8703639577,88923.7998531277
"296","EN",90750.8345521411,52365.0523621892,32598.5157921986,88971.8055728444
"297","EN",96713.8272113456,55252.858807092,34939.4258660528,89055.0988418691
"298","EN",103068.632040975,61239.1857238856,37763.885750526,91297.2884139253
"299","EN",109840.993962357,61654.8819768905,39855.2889206948,95338.7395428907
"300","EN",117058.349526189,64490.3619196306,41157.1915615379,96707.5626638824
"301","EN",124749.938064939,65518.109077784,43094.0749362415,97527.6956469836
"302","EN",132946.920148779,64199.2606189325,46004.7827822452,103963.271655014
"303","EN",141682.503824933,69027.4163576957,47699.2991178208,100070.855145914
"304","EN",150992.079151872,72220.5761825271,49769.8670161171,105332.362727977
"305","EN",160913.361573395,74937.7098073095,53481.681763534,121807.26367472
"306","EN",171486.544713421,80570.4146588765,55809.9645701241,120157.24632577
"307","EN",182754.463210534,86395.6574111975,60330.4390541245,136199.271628498
"308","EN",194762.766251925,93764.6265687238,64933.0736536115,138401.565203425
"309","EN",207560.102509801,100351.879073219,68238.3770580089,149497.17867298
"310","EN",221198.317229453,101446.413078632,70553.8884552579,157281.529746638
"311","EN",235732.662267456,119735.520696221,71880.1986295125,171829.490848532
"312","EN",251222.019930916,116311.608500065,76491.4978657321,221344.288949329
"313","EN",267729.141524579,134603.523420548,80947.3521091751,287732.183307622
"314","EN",285320.901572239,137703.664852551,89524.2038707532,339645.697380427
"315","EN",304068.568742345,140632.373435372,92845.9233959585,381781.488673989
"316","EN",324048.094575396,147048.633058024,96344.4018070286,410261.538059261
"317","EN",345340.421182839,161622.342976792,97782.6300209153,382132.690870169
"318","EN",368031.809164034,177345.051842441,103796.123231841,482813.998622342
"319","EN",392214.187069749,191777.556900581,103863.434551146,730012.556131324
"320","EN",417985.52382797,214616.931339542,121998.482419788,1000053.5893728
"321","EN",445450.225640798,213019.628300302,140948.05614784,1249730.77242474
"322","EN",474719.558960383,240854.31631401,138838.767325206,1450804.29043485
"323","EN",505912.101257447,318761.677455062,154357.617304674,1501067.88705385
"324","EN",539154.221408613,362922.216333781,195268.196806486,1450804.29043485
"325","EN",574580.591648674,421909.454773958,205255.150440807,1450804.29043485
"326","EN",612334.733161873,551580.346640669,238858.217099787,1653650.66766626
"327","EN",652569.597522513,737617.801498648,241301.352149321,1770286.91171839
"328","EN",695448.186340459,771584.854853639,265827.736141842,1770286.91171839
"329","EN",741144.211621887,934710.473430855,261865.952311149,1821931.68369306
"330","EN",789842.799520536,1178261.0431745,268344.609289314,1821931.68369306
"331","EN",841741.240330581,1207346.70469809,311940.248660693,2056874.96782186
"332","EN",897049.787759499,1207346.70469809,368681.556064473,2190944.49444386
"333","EN",955992.510719002,1343386.34111938,393851.570225649,2206113.6366284
"334","EN",1018808.20108488,1412179.15843294,529836.693846288,2372531.87449658
"335","EN",1085751.34110323,1591244.81924001,835345.272865936,2558696.47251832
"336","EN",1157093.13436244,1745276.84453947,830323.622365052,2460386.22178332
"337","EN",1233122.60450748,1745276.84453947,748257.574150974,2584744.17699508
"338","EN",1314147.76614776,1754301.32756753,958612.092818926,2588914.83997716
"339","EN",1400496.87270222,1786272.49586924,958612.092818926,2632937.31584144
"340","EN",1492519.74623694,1754301.32756753,995531.333498115,2665512.70023195
"341","EN",1590589.19468279,1754301.32756753,1067010.13457672,2640241.19311851
"342","EN",1695102.5221746,1843156.58997599,1131673.1833891,2706725.55779926
"343","EN",1806483.13863074,1800706.77741013,1131673.1833891,2830221.60503773
"344","EN",1925182.27509369,1800706.77741013,1186884.60535243,2830221.60503773
"345","EN",2051680.81178118,1800706.77741013,1310816.42193721,2830221.60503773
"346","EN",2186491.22625349,2178839.11451978,1359458.19067607,2935459.35997607
"347","EN",2330159.66958966,2332639.8923669,1398440.13240331,2935459.35997607
"348","EN",2483268.17898363,2354547.80909326,1430917.86413664,2935459.35997607
"349","EN",2646437.03572409,2354547.80909326,1363589.98306683,2935459.35997607
"350","EN",2820327.27811082,2354547.80909326,1345997.45711204,2935459.35997607
"351","EN",3005643.37948801,2354547.80909326,1345997.45711204,2935459.35997607
"352","EN",3203136.10224392,2354547.80909326,1345997.45711204,2935459.35997607
"353","EN",3413605.53933917,2354547.80909326,1345997.45711204,2935459.35997607
"354","EN",3637904.35568564,2435827.28727501,1450804.29043485,2935459.35997607
"355","EN",3876941.24250763,2566224.63447338,1450804.29043485,2964434.26311366
"356","EN",4131684.59867983,2566224.63447338,1450804.29043485,2964434.26311366
"357","EN",4403166.453956,2566224.63447338,1450804.29043485,2964434.26311366
"358","EN",4692486.64998251,2566224.63447338,1450804.29043485,2964434.26311366
"359","EN",5000817.29603497,2566224.63447338,1450804.29043485,2964434.26311366
"360","EN",5329407.51752925,2566224.63447338,1450804.29043485,2964434.26311366
"361","EN",5679588.5165445,2566224.63447338,1450804.29043485,2964434.26311366
"362","EN",6052778.96485929,2566224.63447338,1450804.29043485,2964434.26311366
"363","EN",6450490.75134988,2566224.63447338,1450804.29043485,2964434.26311366
"364","EN",6874335.10703419,2566224.63447338,1450804.29043485,2964434.26311366
"365","EN",7326029.13257624,2566224.63447338,1450804.29043485,2964434.26311366
"366","EN",7807402.75469506,2566224.63447338,1450804.29043485,2964434.26311366
"367","EN",8320406.13966064,2566224.63447338,1450804.29043485,2964434.26311366
"368","EN",8867117.59391058,2566224.63447338,1450804.29043485,2964434.26311366
"369","EN",9449751.98379504,2566224.63447338,1450804.29043485,2964434.26311366
"370","EN",10070669.7085604,2566224.63447338,1450804.29043485,2964434.26311366
"371","EN",10732386.2629235,2566224.63447338,1450804.29043485,2964434.26311366
"372","EN",11437582.4279768,2566224.63447338,1450804.29043485,2964434.26311366
"373","EN",12189115.1317107,2566224.63447338,1450804.29043485,2964434.26311366
"374","EN",12990029.0231507,2566224.63447338,1450804.29043485,2964434.26311366
"375","EN",13843568.8070014,2566224.63447338,1450804.29043485,2964434.26311366
"376","EN",14753192.3887648,2566224.63447338,1450804.29043485,2964434.26311366
"377","EN",15722584.8835908,2566224.63447338,1450804.29043485,2964434.26311366
"378","EN",16755673.5456097,2566224.63447338,1450804.29043485,2964434.26311366
"379","EN",17856643.6782325,2566224.63447338,1450804.29043485,2964434.26311366
"380","EN",19029955.5898728,2566224.63447338,1450804.29043485,2964434.26311366
"381","EN",20280362.6637846,2566224.63447338,1450804.29043485,2964434.26311366
"382","EN",21612930.6152195,2566224.63447338,1450804.29043485,2964434.26311366
"383","EN",23033058.0139202,2566224.63447338,1450804.29043485,2964434.26311366
"384","EN",24546498.1550919,2566224.63447338,1450804.29043485,2964434.26311366
"385","EN",26159382.3674557,2566224.63447338,1450804.29043485,2964434.26311366
"386","EN",27878244.8528121,2566224.63447338,1450804.29043485,2964434.26311366
"387","EN",29710049.1577446,2566224.63447338,1450804.29043485,2964434.26311366
"388","EN",31662216.3847076,2566224.63447338,1450804.29043485,2964434.26311366
"389","EN",33742655.2567896,2566224.63447338,1450804.29043485,2964434.26311366
"390","EN",35959794.1579497,2566224.63447338,1450804.29043485,2964434.26311366
"391","EN",38322615.278533,2566224.63447338,1450804.29043485,2964434.26311366
"392","EN",40840691.0043944,2566224.63447338,1450804.29043485,2964434.26311366
"393","EN",43524222.6970547,2566224.63447338,1450804.29043485,2964434.26311366
"394","EN",46384082.0219958,2566224.63447338,1450804.29043485,2964434.26311366
"395","EN",49431854.9925262,2566224.63447338,1450804.29043485,2964434.26311366
"396","EN",52679888.9076517,2566224.63447338,1450804.29043485,2964434.26311366
"397","EN",56141342.374105,2566224.63447338,1450804.29043485,2964434.26311366
"398","EN",59830238.6151895,2566224.63447338,1450804.29043485,2964434.26311366
"399","EN",63761522.282403,2566224.63447338,1450804.29043485,2964434.26311366
"400","EN",67951120.0000001,2566224.63447338,1450804.29043485,2964434.26311366
"401","VU",214.9048,44056.6970770542,13746.188378368,139032.791642606
"402","VU",229.025614989217,44056.6970770542,13746.188378368,139032.791642606
"403","VU",244.074270659329,44056.6970770542,13746.188378368,139032.791642606
"404","VU",260.111732919867,44056.6970770542,13746.188378368,139032.791642606
"405","VU",277.202973585901,44056.6970770542,13746.188378368,139032.791642606
"406","VU",295.417233595298,44056.6970770542,13746.188378368,139032.791642606
"407","VU",314.828303521262,44056.6970770542,13746.188378368,139032.791642606
"408","VU",335.514822516616,44056.6970770542,13746.188378368,139032.791642606
"409","VU",357.560596900888,44056.6970770542,13746.188378368,139032.791642606
"410","VU",381.054939680906,44056.6970770542,13746.188378368,139032.791642606
"411","VU",406.093032380377,44056.6970770542,13746.188378368,139032.791642606
"412","VU",432.776310644303,44056.6970770542,13746.188378368,139032.791642606
"413","VU",461.212875180433,44056.6970770542,13746.188378368,139032.791642606
"414","VU",491.517929702564,44056.6970770542,13746.188378368,139032.791642606
"415","VU",523.814247649919,44056.6970770542,13746.188378368,139032.791642606
"416","VU",558.232669573395,44056.6970770542,13746.188378368,139032.791642606
"417","VU",594.912633203721,44056.6970770542,13746.188378368,139032.791642606
"418","VU",634.002738348965,44056.6970770542,13746.188378368,139032.791642606
"419","VU",675.661348909932,44056.6970770542,13746.188378368,139032.791642606
"420","VU",720.057234452377,44056.6970770542,13746.188378368,139032.791642606
"421","VU",767.370253935185,44056.6970770542,13746.188378368,139032.791642606
"422","VU",817.792084364506,44056.6970770542,13746.188378368,139032.791642606
"423","VU",871.526997325767,44056.6970770542,13746.188378368,139032.791642606
"424","VU",928.792686539524,44056.6970770542,13746.188378368,137927.526345275
"425","VU",989.821149793776,44056.6970770542,13746.188378368,134620.746510914
"426","VU",1054.85962882566,44056.6970770542,13746.188378368,130794.449866286
"427","VU",1124.17161096027,44056.6970770542,13746.188378368,129367.493391444
"428","VU",1198.03789656441,44056.6970770542,13746.188378368,129367.493391444
"429","VU",1276.7577366399,44056.6970770542,13746.188378368,129367.493391444
"430","VU",1360.65004516509,44056.6970770542,13735.2930964374,129367.493391444
"431","VU",1450.05469109596,43789.2113341776,13701.5479533895,113336.446615168
"432","VU",1545.33387526128,38805.4515028054,13665.5855079743,94304.5411644936
"433","VU",1646.87359772972,28581.8992796615,10777.8509806021,90221.7489424199
"434","VU",1755.08522159371,28581.8992796615,10655.3198742355,87872.1963486903
"435","VU",1870.40713950543,28581.8992796615,10501.579795676,82343.2601536995
"436","VU",1993.30654971621,28581.8992796615,10327.4854329108,82343.2601536995
"437","VU",2124.28134881487,26125.0959622451,10141.9517989554,82343.2601536995
"438","VU",2263.86214883264,20944.9856522577,9807.04382537186,82343.2601536995
"439","VU",2412.61442688672,21218.8834554019,7783.9582233956,82343.2601536995
"440","VU",2571.14081607106,22207.94440223,9038.07530671333,82343.2601536995
"441","VU",2740.08354687541,20726.999429559,9537.44785188932,82343.2601536995
"442","VU",2920.12704902345,20702.2092285874,10141.5793653807,82343.2601536995
"443","VU",3112.00072427067,21161.0955103033,11716.0117778043,82343.2601536995
"444","VU",3316.48190139531,21726.5683862056,13450.1206258808,82343.2601536995
"445","VU",3534.39898535382,22974.569114215,13884.0430226031,82343.2601536995
"446","VU",3766.63481335886,24754.2636601161,13599.9859272913,82343.2601536995
"447","VU",4014.13023147602,26020.0399944602,14384.5316582445,81110.1537005066
"448","VU",4277.88790622919,27936.3639224143,14380.8904555133,75536.7786481452
"449","VU",4558.9763866562,31027.0191784069,14619.6685713658,69426.4316218728
"450","VU",4858.53443327116,34130.4677103185,15760.2068479926,76793.4502874163
"451","VU",5177.7756314713,34600.1718839349,16646.8852010922,89960.3002920586
"452","VU",5517.99330807825,36183.9676260976,17611.1787607351,97242.7638573886
"453","VU",5880.56577093208,36343.3195513767,18635.8540356647,103414.838425154
"454","VU",6266.96189276488,35592.1670821807,19297.7260817016,108107.291239008
"455","VU",6678.74706197565,35254.3811048833,18709.2471674021,110668.536479968
"456","VU",7117.58952441452,36089.8751011324,18303.3038793946,112964.694106075
"457","VU",7585.2671418686,36980.2671552455,18438.2350221698,112971.552583992
"458","VU",8083.6745946296,38403.4964619299,17447.1523559338,114924.575466664
"459","VU",8614.83105732282,40658.0533878569,17002.5587968018,117088.785745081
"460","VU",9180.88837909421,43060.7511707293,17023.1908622816,114525.519523608
"461","VU",9784.13980129529,45230.9687553769,17045.1786051567,111793.82798971
"462","VU",10427.0292479839,43224.3272706236,17068.6111033335,108882.64437021
"463","VU",11112.1612268784,41459.3593851974,17201.1249256344,105392.309215479
"464","VU",11842.3113808773,41251.6594814678,17692.0608572048,103994.472565167
"465","VU",12620.4377328902,41263.9397687571,18215.2548651943,103977.240283454
"466","VU",13449.6926695369,42040.4118078913,18784.9655980715,107162.458922513
"467","VU",14333.4357122626,42867.9037312204,19605.8639208107,108656.393686384
"468","VU",15275.2471276088,43706.0158733537,19707.5567573904,110481.286928671
"469","VU",16278.9424317785,44502.9961177803,20306.7114872533,108280.980790881
"470","VU",17348.5878482572,45352.3437852781,21720.3698140833,110604.805645339
"471","VU",18488.5167811122,45795.9716933805,23289.1229211518,113081.322765568
"472","VU",19703.3473707086,45452.0917336496,24298.5837245448,115098.613458784
"473","VU",20998.0012029639,45469.0081008604,25155.0072367152,114069.86553999
"474","VU",22377.7232479364,46082.4068271251,25814.7405012428,111803.30018211
"475","VU",23848.1031085258,48867.8770063351,25947.1812055681,109387.804925599
"476","VU",25415.097665368,51023.4096352892,25693.14518489,105485.847577559
"477","VU",27085.0552096646,50648.0982765451,24469.0294221332,101966.790119539
"478","VU",28864.7411617158,50387.4847196075,23543.1980157718,102883.926697481
"479","VU",30761.3654793496,50109.7469485007,23093.5651236969,103320.475460251
"480","VU",32782.6118672831,50111.40301955,22871.2027873712,99684.0743083643
"481","VU",34936.6689057542,50440.9453527463,22597.4240613898,95934.9793701309
"482","VU",37232.2632245301,50905.5916223645,22502.5736733439,90846.454770826
"483","VU",39678.6948566919,52449.1016898581,22406.5576132805,85721.0456876429
"484","VU",42285.87491542,53486.8241539216,22741.5840211409,80256.2625829993
"485","VU",45064.3657464196,52110.7381364975,23323.7541751449,74948.1095329449
"486","VU",48025.4237186547,53028.7919840529,23890.3429891581,71889.4317387199
"487","VU",51181.0448267448,54061.8913967389,24586.6275828471,70803.164118816
"488","VU",54544.0132897725,52753.8579504034,25322.9230881579,69662.8597662362
"489","VU",58127.9533433881,49924.355288709,27107.1473378364,69956.9863519331
"490","VU",61947.3844350334,48827.9736409938,28577.76081536,71462.6027571803
"491","VU",66017.7800458945,47815.6083520204,29281.6863712041,71410.7439642232
"492","VU",70355.6303778874,48803.1403220818,29325.752497556,71141.847533834
"493","VU",74978.5091596358,49607.3870748858,30656.3027482747,69226.6394556651
"494","VU",79905.1448420892,51273.9046185366,32090.1099799494,68271.2927480267
"495","VU",85155.4964722143,51223.8172225417,33300.5792243005,71152.5782024787
"496","VU",90750.8345521411,52045.0156319307,35993.9749751268,74056.8741192278
"497","VU",96713.8272113456,53858.9788948244,39432.5826730645,76558.3002954572
"498","VU",103068.632040975,54753.706498741,42880.0872342675,78977.2011533907
"499","VU",109840.993962357,57419.7384043023,47182.1058473842,81407.2735777948
"500","VU",117058.349526189,60920.3575511803,48467.0390074176,80845.7464622398
"501","VU",124749.938064939,63283.2871825097,47370.9368163908,83409.6896285082
"502","VU",132946.920148779,67292.1236813497,48377.8419925251,86401.3735847481
"503","VU",141682.503824933,69673.3660775422,51548.6837106054,91725.5616914518
"504","VU",150992.079151872,72012.0620987927,55489.5814082899,98026.7190986754
"505","VU",160913.361573395,73767.5017747523,60632.5818435367,98805.8478850495
"506","VU",171486.544713421,76154.526824384,66113.7277928534,103439.649635055
"507","VU",182754.463210534,85115.8674386689,67383.9870582447,103796.184585386
"508","VU",194762.766251925,92131.4211616102,76679.1827146062,113402.526681453
"509","VU",207560.102509801,99497.3212063052,76809.3174931337,131899.786323231
"510","VU",221198.317229453,104577.714931061,77906.3525863764,137369.261393538
"511","VU",235732.662267456,104141.28260766,78858.8247389359,159252.302277277
"512","VU",251222.019930916,112927.703049508,79778.5572007884,183127.315919627
"513","VU",267729.141524579,118098.443542058,80277.3372493966,184835.985241066
"514","VU",285320.901572239,135753.571743675,88459.9084178966,235298.937857605
"515","VU",304068.568742345,141869.210493496,93584.6397197376,348441.769247667
"516","VU",324048.094575396,148719.356959385,99285.1281504246,336350.92986985
"517","VU",345340.421182839,158801.759274925,107152.350213978,283995.142196799
"518","VU",368031.809164034,152154.024495142,89079.7883485936,249625.439209093
"519","VU",392214.187069749,159807.468698588,93657.3446583498,277579.839772623
"520","VU",417985.52382797,168906.383387545,99937.3866663473,324680.081663204
"521","VU",445450.225640798,183077.580127148,123665.231516175,510306.214973589
"522","VU",474719.558960383,193212.191804825,121881.711830092,571395.19713847
"523","VU",505912.101257447,200386.556529906,130766.12391108,777726.7008201
"524","VU",539154.221408613,209315.950608619,140404.537451502,1187658.16594931
"525","VU",574580.591648674,229114.446269673,151997.914993723,1225829.29577388
"526","VU",612334.733161873,259345.85669257,171670.715375096,1091209.24029276
"527","VU",652569.597522513,284645.007966624,192058.291933898,785711.014468642
"528","VU",695448.186340459,314391.852261631,206109.736823783,910044.381296386
"529","VU",741144.211621887,330642.866498882,231438.547617539,1207556.4621613
"530","VU",789842.799520536,403866.812833382,274886.215301731,1581406.70697464
"531","VU",841741.240330581,617094.981062827,302979.919715613,1779254.60272232
"532","VU",897049.787759499,727330.127810716,321516.962948381,2040191.71104572
"533","VU",955992.510719002,875554.424478908,328805.75571144,1865585.68810668
"534","VU",1018808.20108488,917064.276490151,314380.12661888,2165856.04354232
"535","VU",1085751.34110323,875554.424478908,289497.669402974,2565664.71798767
"536","VU",1157093.13436244,875554.424478908,316424.966014312,2565664.71798767
"537","VU",1233122.60450748,1135059.57556883,454675.089652966,2565664.71798767
"538","VU",1314147.76614776,1639530.04074603,638102.939685626,2741197.97518166
"539","VU",1400496.87270222,1762237.16653613,948118.805269261,2842836.54824161
"540","VU",1492519.74623694,1933242.04435217,1054314.14564234,2931527.16220087
"541","VU",1590589.19468279,1933242.04435217,1054314.14564234,2931527.16220087
"542","VU",1695102.5221746,2082290.25482637,1129535.45785425,2931527.16220087
"543","VU",1806483.13863074,2082290.25482637,1054314.14564234,3098020.48311316
"544","VU",1925182.27509369,2082290.25482637,1054314.14564234,3087969.50837323
"545","VU",2051680.81178118,2082290.25482637,1054314.14564234,2931527.16220087
"546","VU",2186491.22625349,2082290.25482637,1054314.14564234,2931527.16220087
"547","VU",2330159.66958966,2109555.44572235,1129535.45785425,2931527.16220087
"548","VU",2483268.17898363,2109555.44572235,1129535.45785425,3098020.48311316
"549","VU",2646437.03572409,2109555.44572235,1257454.28708161,3098020.48311316
"550","VU",2820327.27811082,2314255.84878886,1257454.28708161,3172929.50998584
"551","VU",3005643.37948801,2334240.4864953,1384023.54974816,3172929.50998584
"552","VU",3203136.10224392,2623303.75379235,1461818.19435197,3423725.86191566
"553","VU",3413605.53933917,2743814.12496161,1461818.19435197,3534820.56253816
"554","VU",3637904.35568564,2743814.12496161,1461818.19435197,3534820.56253816
"555","VU",3876941.24250763,2743814.12496161,1461818.19435197,3534820.56253816
"556","VU",4131684.59867983,2743814.12496161,1461818.19435197,3534820.56253816
"557","VU",4403166.453956,2743814.12496161,1461818.19435197,3534820.56253816
"558","VU",4692486.64998251,2743814.12496161,1461818.19435197,3534820.56253816
"559","VU",5000817.29603497,2743814.12496161,1461818.19435197,3534820.56253816
"560","VU",5329407.51752925,2743814.12496161,1461818.19435197,3534820.56253816
"561","VU",5679588.5165445,2743814.12496161,1461818.19435197,3534820.56253816
"562","VU",6052778.96485929,2743814.12496161,1461818.19435197,3534820.56253816
"563","VU",6450490.75134988,2743814.12496161,1461818.19435197,3534820.56253816
"564","VU",6874335.10703419,2743814.12496161,1461818.19435197,3534820.56253816
"565","VU",7326029.13257624,2743814.12496161,1461818.19435197,3534820.56253816
"566","VU",7807402.75469506,2743814.12496161,1461818.19435197,3534820.56253816
"567","VU",8320406.13966064,2743814.12496161,1461818.19435197,3534820.56253816
"568","VU",8867117.59391058,2743814.12496161,1461818.19435197,3534820.56253816
"569","VU",9449751.98379504,2743814.12496161,1461818.19435197,3534820.56253816
"570","VU",10070669.7085604,2743814.12496161,1461818.19435197,3534820.56253816
"571","VU",10732386.2629235,2743814.12496161,1461818.19435197,3534820.56253816
"572","VU",11437582.4279768,2743814.12496161,1461818.19435197,3534820.56253816
"573","VU",12189115.1317107,2743814.12496161,1461818.19435197,3534820.56253816
"574","VU",12990029.0231507,2743814.12496161,1461818.19435197,3534820.56253816
"575","VU",13843568.8070014,2743814.12496161,1461818.19435197,3534820.56253816
"576","VU",14753192.3887648,2743814.12496161,1461818.19435197,3534820.56253816
"577","VU",15722584.8835908,2743814.12496161,1461818.19435197,3534820.56253816
"578","VU",16755673.5456097,2743814.12496161,1461818.19435197,3534820.56253816
"579","VU",17856643.6782325,2743814.12496161,1461818.19435197,3534820.56253816
"580","VU",19029955.5898728,2743814.12496161,1461818.19435197,3534820.56253816
"581","VU",20280362.6637846,2743814.12496161,1461818.19435197,3534820.56253816
"582","VU",21612930.6152195,2743814.12496161,1461818.19435197,3534820.56253816
"583","VU",23033058.0139202,2743814.12496161,1461818.19435197,3534820.56253816
"584","VU",24546498.1550919,2743814.12496161,1461818.19435197,3534820.56253816
"585","VU",26159382.3674557,2743814.12496161,1461818.19435197,3534820.56253816
"586","VU",27878244.8528121,2743814.12496161,1461818.19435197,3534820.56253816
"587","VU",29710049.1577446,2743814.12496161,1461818.19435197,3534820.56253816
"588","VU",31662216.3847076,2743814.12496161,1461818.19435197,3534820.56253816
"589","VU",33742655.2567896,2743814.12496161,1461818.19435197,3534820.56253816
"590","VU",35959794.1579497,2743814.12496161,1461818.19435197,3534820.56253816
"591","VU",38322615.278533,2743814.12496161,1461818.19435197,3534820.56253816
"592","VU",40840691.0043944,2743814.12496161,1461818.19435197,3534820.56253816
"593","VU",43524222.6970547,2743814.12496161,1461818.19435197,3534820.56253816
"594","VU",46384082.0219958,2743814.12496161,1461818.19435197,3534820.56253816
"595","VU",49431854.9925262,2743814.12496161,1461818.19435197,3534820.56253816
"596","VU",52679888.9076517,2743814.12496161,1461818.19435197,3534820.56253816
"597","VU",56141342.374105,2743814.12496161,1461818.19435197,3534820.56253816
"598","VU",59830238.6151895,2743814.12496161,1461818.19435197,3534820.56253816
"599","VU",63761522.282403,2743814.12496161,1461818.19435197,3534820.56253816
"600","VU",67951120.0000001,2743814.12496161,1461818.19435197,3534820.56253816
"601","NT",214.9048,67554.3329946751,37288.6767376105,130535.790769695
"602","NT",229.025614989217,67554.3329946751,37288.6767376105,130535.790769695
"603","NT",244.074270659329,67554.3329946751,37288.6767376105,130535.790769695
"604","NT",260.111732919867,67554.3329946751,37288.6767376105,130535.790769695
"605","NT",277.202973585901,67554.3329946751,37288.6767376105,130535.790769695
"606","NT",295.417233595298,67554.3329946751,37288.6767376105,130535.790769695
"607","NT",314.828303521262,67554.3329946751,37288.6767376105,130535.790769695
"608","NT",335.514822516616,67554.3329946751,37288.6767376105,130535.790769695
"609","NT",357.560596900888,67554.3329946751,37288.6767376105,130535.790769695
"610","NT",381.054939680906,67554.3329946751,37288.6767376105,130535.790769695
"611","NT",406.093032380377,67554.3329946751,37288.6767376105,130535.790769695
"612","NT",432.776310644303,67554.3329946751,37288.6767376105,130535.790769695
"613","NT",461.212875180433,67554.3329946751,37288.6767376105,130535.790769695
"614","NT",491.517929702564,67554.3329946751,37288.6767376105,130535.790769695
"615","NT",523.814247649919,67554.3329946751,37288.6767376105,130535.790769695
"616","NT",558.232669573395,67554.3329946751,37288.6767376105,130535.790769695
"617","NT",594.912633203721,67554.3329946751,37288.6767376105,130535.790769695
"618","NT",634.002738348965,67554.3329946751,37288.6767376105,130535.790769695
"619","NT",675.661348909932,67554.3329946751,37288.6767376105,130535.790769695
"620","NT",720.057234452377,67554.3329946751,37288.6767376105,130535.790769695
"621","NT",767.370253935185,67554.3329946751,37288.6767376105,130535.790769695
"622","NT",817.792084364506,67554.3329946751,37288.6767376105,130535.790769695
"623","NT",871.526997325767,67554.3329946751,37288.6767376105,130535.790769695
"624","NT",928.792686539524,67554.3329946751,37288.6767376105,130535.790769695
"625","NT",989.821149793776,67554.3329946751,37288.6767376105,130535.790769695
"626","NT",1054.85962882566,67554.3329946751,37288.6767376105,130535.790769695
"627","NT",1124.17161096027,67554.3329946751,37288.6767376105,130535.790769695
"628","NT",1198.03789656441,67554.3329946751,37288.6767376105,130535.790769695
"629","NT",1276.7577366399,67554.3329946751,37288.6767376105,130535.790769695
"630","NT",1360.65004516509,67554.3329946751,37288.6767376105,130535.790769695
"631","NT",1450.05469109596,65926.1557937623,37288.6767376105,130535.790769695
"632","NT",1545.33387526128,63619.9416355805,37288.6767376105,130535.790769695
"633","NT",1646.87359772972,49899.0613286142,29606.3389675291,107036.80817559
"634","NT",1755.08522159371,49899.0613286142,29478.6556257737,107036.80817559
"635","NT",1870.40713950543,49899.0613286142,29478.6556257737,107036.80817559
"636","NT",1993.30654971621,49899.0613286142,27577.48436305,107036.80817559
"637","NT",2124.28134881487,49899.0613286142,22822.1549798414,107036.80817559
"638","NT",2263.86214883264,49899.0613286142,17754.3657240144,107036.80817559
"639","NT",2412.61442688672,49899.0613286142,16150.872989515,107036.80817559
"640","NT",2571.14081607106,49899.0613286142,16419.4280036341,104201.384605439
"641","NT",2740.08354687541,49899.0613286142,16705.6290436623,95567.012996892
"642","NT",2920.12704902345,49899.0613286142,17757.0853968589,88955.4576856877
"643","NT",3112.00072427067,49899.0613286142,19957.7369166083,88955.4576856877
"644","NT",3316.48190139531,49233.0246889224,22132.3081071497,88955.4576856877
"645","NT",3534.39898535382,47887.3073538129,24124.5557421731,88955.4576856877
"646","NT",3766.63481335886,45454.9409693138,23427.7070519966,88955.4576856877
"647","NT",4014.13023147602,41852.0406952214,22088.5493396824,88354.0566942512
"648","NT",4277.88790622919,40434.5921355739,20661.3991846822,86747.3496952701
"649","NT",4558.9763866562,42639.694731957,19223.0307424657,88001.8101327728
"650","NT",4858.53443327116,44819.874121782,17992.3001094845,89458.636336518
"651","NT",5177.7756314713,43224.3697785135,18098.4519900422,94838.0996766184
"652","NT",5517.99330807825,43047.2459720626,18931.6828684506,96348.2343233919
"653","NT",5880.56577093208,43020.7102464133,19819.6631013513,93210.4010704926
"654","NT",6266.96189276488,42249.7139515875,20765.9901212148,95046.4137125695
"655","NT",6678.74706197565,37453.8253047032,21774.4977380998,91643.7199978218
"656","NT",7117.58952441452,34019.3595631706,21009.4218053233,80602.8559176391
"657","NT",7585.2671418686,33103.209535933,21912.3284203765,80052.0602837482
"658","NT",8083.6745946296,32126.8617604972,22100.437316454,81077.1959169978
"659","NT",8614.83105732282,31376.9732089673,22840.388542009,82607.222669139
"660","NT",9180.88837909421,31682.9192258201,23100.368287287,83076.0194629364
"661","NT",9784.13980129529,32806.8599014029,23449.1681654972,82886.5065447233
"662","NT",10427.0292479839,32144.5930698298,24347.5322200651,82684.5412436125
"663","NT",11112.1612268784,31448.5415869523,25259.347139086,72160.9016821636
"664","NT",11842.3113808773,29692.633704788,25009.8755699114,67111.1509091054
"665","NT",12620.4377328902,30429.4968883954,24641.5979286083,68288.6319224548
"666","NT",13449.6926695369,31058.1967306503,24575.8412583482,69543.4820385083
"667","NT",14333.4357122626,30772.7611573976,25319.55554429,70880.7849724048
"668","NT",15275.2471276088,30737.2423453882,24837.0313503026,72289.0578670766
"669","NT",16278.9424317785,30828.1460798808,24381.7626470749,74083.382991638
"670","NT",17348.5878482572,31001.5825708639,24657.3900573908,78597.8320420216
"671","NT",18488.5167811122,31257.9646345765,24962.5596212126,81214.8295211862
"672","NT",19703.3473707086,31773.9273738512,25287.7810542856,88400.013760298
"673","NT",20998.0012029639,32605.962404973,25778.8497879996,96221.7886520542
"674","NT",22377.7232479364,33443.7729008865,26473.6298136788,101998.293424564
"675","NT",23848.1031085258,34628.5431138946,27124.7115978089,106327.050209868
"676","NT",25415.097665368,35891.1613832634,27165.3289559421,102147.224194008
"677","NT",27085.0552096646,37236.7428948855,26806.2942737549,99532.0671724895
"678","NT",28864.7411617158,38431.2496104735,26367.0163182106,96517.1344854952
"679","NT",30761.3654793496,39653.8308265953,25783.7592096364,92680.4082164542
"680","NT",32782.6118672831,41042.0167153709,25127.304588368,88591.5810087212
"681","NT",34936.6689057542,41585.7259222621,24952.8248553494,89191.6859776658
"682","NT",37232.2632245301,40572.1371008088,24759.5459367999,90213.3470914837
"683","NT",39678.6948566919,39783.066345119,24557.5264937705,91302.1388025238
"684","NT",42285.87491542,38864.3607404749,24619.0207665308,92587.7444037116
"685","NT",45064.3657464196,39471.4537749344,24901.9632295625,93943.321467163
"686","NT",48025.4237186547,40327.3889570841,25197.1861230462,95143.6766843403
"687","NT",51181.0448267448,40732.7731440545,25911.0112183654,96386.4313056377
"688","NT",54544.0132897725,41140.4801298447,26759.8616524025,96443.958186022
"689","NT",58127.9533433881,41574.9764424258,27665.7856343596,96220.7434915375
"690","NT",61947.3844350334,41745.0343945712,26923.8408683368,96005.6506434301
"691","NT",66017.7800458945,41892.2129278281,26480.2005532973,95086.4377172024
"692","NT",70355.6303778874,41034.3702834647,26152.6992784746,93290.9328271101
"693","NT",74978.5091596358,40277.0857523882,26007.1249847785,91776.8403005874
"694","NT",79905.1448420892,40405.6850050775,26355.8186073545,89131.785133365
"695","NT",85155.4964722143,40793.8031624886,27739.2285608861,85971.0140354143
"696","NT",90750.8345521411,41395.7209147919,27960.0315008341,83024.5931923744
"697","NT",96713.8272113456,46769.2990314428,28695.3269573917,80485.1189982845
"698","NT",103068.632040975,50074.6238096067,29922.0508763389,77846.9104823535
"699","NT",109840.993962357,51926.8645926433,31435.1876385114,78985.6428855014
"700","NT",117058.349526189,52916.8371467859,33572.6441490634,77091.5074550039
"701","NT",124749.938064939,52390.8076598427,35978.2040101205,75311.6874439583
"702","NT",132946.920148779,52837.0932749903,39746.9872563064,74597.8803439867
"703","NT",141682.503824933,55202.9280507668,43971.425175017,74654.9269879516
"704","NT",150992.079151872,59479.7142431472,49859.5259315242,75006.1945030999
"705","NT",160913.361573395,64708.8714107643,57645.796110436,79342.5437346012
"706","NT",171486.544713421,70676.5747466955,60608.584276811,94792.6642742034
"707","NT",182754.463210534,75897.0160153581,61950.244917846,121019.98129652
"708","NT",194762.766251925,82461.2439211444,61373.8376897308,121119.100262621
"709","NT",207560.102509801,91148.480289292,64049.9050578141,126884.101528352
"710","NT",221198.317229453,95677.7766662601,68904.0006626393,129343.455994319
"711","NT",235732.662267456,99476.5841675886,62560.0211344742,134439.987671575
"712","NT",251222.019930916,96814.1156495686,69273.3712142364,143698.10206598
"713","NT",267729.141524579,106896.503469071,68489.6852984796,150429.623454275
"714","NT",285320.901572239,118790.689101507,65870.8883330585,155332.586231493
"715","NT",304068.568742345,138413.424780879,87929.7574964931,266608.465481222
"716","NT",324048.094575396,146369.365943578,93839.2801086668,231503.359997878
"717","NT",345340.421182839,142560.508339274,101619.146953813,256637.50624613
"718","NT",368031.809164034,153921.436614984,83489.1117208863,380075.754402481
"719","NT",392214.187069749,158089.488942814,82827.4067179101,578623.836248439
"720","NT",417985.52382797,162831.311256544,93307.6642456212,841847.691150349
"721","NT",445450.225640798,218345.495994576,130752.775454849,1001267.36736238
"722","NT",474719.558960383,318877.2862828,160422.605174569,1122505.53508569
"723","NT",505912.101257447,349376.07092683,176150.119549554,1220462.48196476
"724","NT",539154.221408613,280035.149968233,183113.3749879,1323296.93895838
"725","NT",574580.591648674,309207.176226188,190540.564059837,1160114.18343992
"726","NT",612334.733161873,366610.387161131,198483.876971315,1160114.18343992
"727","NT",652569.597522513,423619.618486733,206951.471543853,1160114.18343992
"728","NT",695448.186340459,515121.579156589,216916.854614209,1294452.04170726
"729","NT",741144.211621887,504174.325440881,231939.416838478,1294452.04170726
"730","NT",789842.799520536,683929.20798901,248608.925829433,1595989.64959097
"731","NT",841741.240330581,720181.253758544,268353.071385049,1831417.11767696
"732","NT",897049.787759499,750943.094555364,304906.252973954,1831417.11767696
"733","NT",955992.510719002,779380.261898952,338488.190516924,1831417.11767696
"734","NT",1018808.20108488,798694.10692455,393875.217773071,1831417.11767696
"735","NT",1085751.34110323,904279.081324339,447273.242447253,1831417.11767696
"736","NT",1157093.13436244,1009267.70670269,506253.181078492,1826117.67972641
"737","NT",1233122.60450748,929546.128832195,504354.58529101,1771896.4257181
"738","NT",1314147.76614776,1070252.21426605,629471.178732254,1771896.4257181
"739","NT",1400496.87270222,1579633.96528101,786490.156757514,2301612.44162378
"740","NT",1492519.74623694,1689460.74093567,854445.04703084,2703811.0798666
"741","NT",1590589.19468279,1689460.74093567,947299.35349176,2872960.2450945
"742","NT",1695102.5221746,1834369.226347,1124657.48392653,3010101.17395905
"743","NT",1806483.13863074,2069889.85978062,1124657.48392653,3269997.87824046
"744","NT",1925182.27509369,2138244.86398313,1124657.48392653,3269997.87824046
"745","NT",2051680.81178118,2138244.86398313,1124657.48392653,3269997.87824046
"746","NT",2186491.22625349,2138244.86398313,1432675.05999921,3269997.87824046
"747","NT",2330159.66958966,2489560.52459544,1432675.05999921,3319018.62634578
"748","NT",2483268.17898363,2489560.52459544,1432675.05999921,3319018.62634578
"749","NT",2646437.03572409,2489560.52459544,1632228.68175169,3319018.62634578
"750","NT",2820327.27811082,2674598.57911403,1632228.68175169,3398105.26699747
"751","NT",3005643.37948801,2674598.57911403,1632228.68175169,3398105.26699747
"752","NT",3203136.10224392,2674598.57911403,1632228.68175169,3398105.26699747
"753","NT",3413605.53933917,2674598.57911403,1632228.68175169,3398105.26699747
"754","NT",3637904.35568564,2674598.57911403,1632228.68175169,3398105.26699747
"755","NT",3876941.24250763,2674598.57911403,1632228.68175169,3398105.26699747
"756","NT",4131684.59867983,2674598.57911403,1632228.68175169,3398105.26699747
"757","NT",4403166.453956,2674598.57911403,1632228.68175169,3398105.26699747
"758","NT",4692486.64998251,2674598.57911403,1632228.68175169,3398105.26699747
"759","NT",5000817.29603497,2674598.57911403,1632228.68175169,3398105.26699747
"760","NT",5329407.51752925,2674598.57911403,1632228.68175169,3398105.26699747
"761","NT",5679588.5165445,2674598.57911403,1632228.68175169,3398105.26699747
"762","NT",6052778.96485929,2674598.57911403,1632228.68175169,3398105.26699747
"763","NT",6450490.75134988,2674598.57911403,1632228.68175169,3398105.26699747
"764","NT",6874335.10703419,2674598.57911403,1632228.68175169,3398105.26699747
"765","NT",7326029.13257624,2674598.57911403,1632228.68175169,3398105.26699747
"766","NT",7807402.75469506,2674598.57911403,1632228.68175169,3398105.26699747
"767","NT",8320406.13966064,2674598.57911403,1632228.68175169,3398105.26699747
"768","NT",8867117.59391058,2674598.57911403,1632228.68175169,3398105.26699747
"769","NT",9449751.98379504,2674598.57911403,1632228.68175169,3398105.26699747
"770","NT",10070669.7085604,2674598.57911403,1632228.68175169,3398105.26699747
"771","NT",10732386.2629235,2674598.57911403,1632228.68175169,3398105.26699747
"772","NT",11437582.4279768,2674598.57911403,1632228.68175169,3398105.26699747
"773","NT",12189115.1317107,2674598.57911403,1632228.68175169,3398105.26699747
"774","NT",12990029.0231507,2674598.57911403,1632228.68175169,3398105.26699747
"775","NT",13843568.8070014,2674598.57911403,1632228.68175169,3398105.26699747
"776","NT",14753192.3887648,2674598.57911403,1632228.68175169,3398105.26699747
"777","NT",15722584.8835908,2674598.57911403,1632228.68175169,3398105.26699747
"778","NT",16755673.5456097,2674598.57911403,1632228.68175169,3398105.26699747
"779","NT",17856643.6782325,2674598.57911403,1632228.68175169,3398105.26699747
"780","NT",19029955.5898728,2674598.57911403,1632228.68175169,3398105.26699747
"781","NT",20280362.6637846,2674598.57911403,1632228.68175169,3398105.26699747
"782","NT",21612930.6152195,2674598.57911403,1632228.68175169,3398105.26699747
"783","NT",23033058.0139202,2674598.57911403,1632228.68175169,3398105.26699747
"784","NT",24546498.1550919,2674598.57911403,1632228.68175169,3398105.26699747
"785","NT",26159382.3674557,2674598.57911403,1632228.68175169,3398105.26699747
"786","NT",27878244.8528121,2674598.57911403,1632228.68175169,3398105.26699747
"787","NT",29710049.1577446,2674598.57911403,1632228.68175169,3398105.26699747
"788","NT",31662216.3847076,2674598.57911403,1632228.68175169,3398105.26699747
"789","NT",33742655.2567896,2674598.57911403,1632228.68175169,3398105.26699747
"790","NT",35959794.1579497,2674598.57911403,1632228.68175169,3398105.26699747
"791","NT",38322615.278533,2674598.57911403,1632228.68175169,3398105.26699747
"792","NT",40840691.0043944,2674598.57911403,1632228.68175169,3398105.26699747
"793","NT",43524222.6970547,2674598.57911403,1632228.68175169,3398105.26699747
"794","NT",46384082.0219958,2674598.57911403,1632228.68175169,3398105.26699747
"795","NT",49431854.9925262,2674598.57911403,1632228.68175169,3398105.26699747
"796","NT",52679888.9076517,2674598.57911403,1632228.68175169,3398105.26699747
"797","NT",56141342.374105,2674598.57911403,1632228.68175169,3398105.26699747
"798","NT",59830238.6151895,2674598.57911403,1632228.68175169,3398105.26699747
"799","NT",63761522.282403,2674598.57911403,1632228.68175169,3398105.26699747
"800","NT",67951120.0000001,2674598.57911403,1632228.68175169,3398105.26699747
"801","LC",214.9048,59242.6638727627,24532.4702694257,206224.398549594
"802","LC",229.025614989217,59242.6638727627,24532.4702694257,206224.398549594
"803","LC",244.074270659329,59242.6638727627,24532.4702694257,206224.398549594
"804","LC",260.111732919867,59242.6638727627,24532.4702694257,206224.398549594
"805","LC",277.202973585901,59242.6638727627,24532.4702694257,206224.398549594
"806","LC",295.417233595298,59242.6638727627,24532.4702694257,206224.398549594
"807","LC",314.828303521262,59242.6638727627,24532.4702694257,206224.398549594
"808","LC",335.514822516616,59242.6638727627,24532.4702694257,206224.398549594
"809","LC",357.560596900888,59242.6638727627,24532.4702694257,206224.398549594
"810","LC",381.054939680906,59242.6638727627,24532.4702694257,206224.398549594
"811","LC",406.093032380377,59242.6638727627,24532.4702694257,206224.398549594
"812","LC",432.776310644303,59242.6638727627,24532.4702694257,206224.398549594
"813","LC",461.212875180433,59242.6638727627,24532.4702694257,206224.398549594
"814","LC",491.517929702564,59242.6638727627,24532.4702694257,206224.398549594
"815","LC",523.814247649919,59242.6638727627,24532.4702694257,206224.398549594
"816","LC",558.232669573395,59242.6638727627,24532.4702694257,206224.398549594
"817","LC",594.912633203721,59242.6638727627,24532.4702694257,206224.398549594
"818","LC",634.002738348965,59242.6638727627,24532.4702694257,206224.398549594
"819","LC",675.661348909932,59242.6638727627,24532.4702694257,206224.398549594
"820","LC",720.057234452377,59242.6638727627,24532.4702694257,206224.398549594
"821","LC",767.370253935185,59242.6638727627,24532.4702694257,203513.232802554
"822","LC",817.792084364506,59242.6638727627,24532.4702694257,203513.232802554
"823","LC",871.526997325767,59242.6638727627,24532.4702694257,195446.451134745
"824","LC",928.792686539524,58841.4252055718,24463.5603615022,195446.451134745
"825","LC",989.821149793776,58841.4252055718,24463.5603615022,195446.451134745
"826","LC",1054.85962882566,58841.4252055718,24463.5603615022,195446.451134745
"827","LC",1124.17161096027,58841.4252055718,24463.5603615022,195446.451134745
"828","LC",1198.03789656441,58554.2041425746,24340.9086842599,195446.451134745
"829","LC",1276.7577366399,58554.2041425746,23728.1273636913,185605.837587119
"830","LC",1360.65004516509,57920.383926449,23728.1273636913,185605.837587119
"831","LC",1450.05469109596,57445.8193805111,23728.1273636913,185605.837587119
"832","LC",1545.33387526128,56872.826596258,22969.4840441825,181165.793883545
"833","LC",1646.87359772972,56872.826596258,22678.4599188675,181165.793883545
"834","LC",1755.08522159371,55504.9796484476,22399.6460920456,165069.926288696
"835","LC",1870.40713950543,54108.1581838934,21730.8219347873,164261.316940744
"836","LC",1993.30654971621,54108.1581838934,20888.215620927,164261.316940744
"837","LC",2124.28134881487,53731.4894985477,20535.9108496573,164261.316940744
"838","LC",2263.86214883264,52997.8256443583,21041.6228812955,163189.137383435
"839","LC",2412.61442688672,51325.5388362113,21272.3969154377,150405.601410226
"840","LC",2571.14081607106,51159.7671372497,20535.9108496573,149131.392593684
"841","LC",2740.08354687541,50249.0723011333,20535.9108496573,149131.392593684
"842","LC",2920.12704902345,51733.3830562476,20499.4884092335,149131.392593684
"843","LC",3112.00072427067,50128.7197738478,20589.4718699458,150405.601410226
"844","LC",3316.48190139531,51196.0953681542,20535.9108496573,150405.601410226
"845","LC",3534.39898535382,51995.2792719946,20737.1310494807,149131.392593684
"846","LC",3766.63481335886,52350.9124017285,21960.1514598915,149131.392593684
"847","LC",4014.13023147602,51770.8626695912,21462.389318889,146166.956697464
"848","LC",4277.88790622919,54050.0985783492,21682.1831986482,146166.956697464
"849","LC",4558.9763866562,54366.1331000005,21834.3822822465,147280.739692826
"850","LC",4858.53443327116,55717.248043759,21959.8559916859,144140.278919999
"851","LC",5177.7756314713,58732.7759265903,22708.778011214,142781.652565012
"852","LC",5517.99330807825,59242.6638727627,24046.5957590116,144207.001086855
"853","LC",5880.56577093208,59459.1869445093,24421.0363927553,136685.89198234
"854","LC",6266.96189276488,60978.7012565516,25732.1161255665,136871.33751704
"855","LC",6678.74706197565,60570.3985110769,25624.3722358861,140828.366436009
"856","LC",7117.58952441452,62583.5537728698,25719.5299615246,151379.327855318
"857","LC",7585.2671418686,64677.4012560677,27130.6222330075,152596.138390092
"858","LC",8083.6745946296,66666.545481378,28288.0578182288,153052.941749574
"859","LC",8614.83105732282,64572.0241159297,28146.8342232805,157681.032689148
"860","LC",9180.88837909421,68150.016298353,28835.3880945765,164071.727830427
"861","LC",9784.13980129529,69514.1145970645,29315.0953779515,167443.436372929
"862","LC",10427.0292479839,71471.371027114,30400.3398176387,173903.407747861
"863","LC",11112.1612268784,71518.083863206,31010.7112987185,185448.353239117
"864","LC",11842.3113808773,70090.5845244459,31546.5699762203,191970.860218947
"865","LC",12620.4377328902,69863.9360263472,32332.353606576,183345.330965618
"866","LC",13449.6926695369,67958.5994828315,32482.9113937388,186503.455484308
"867","LC",14333.4357122626,68347.7785991933,32813.8044624111,182345.274192143
"868","LC",15275.2471276088,70192.2289300009,32987.0745578102,177691.617431562
"869","LC",16278.9424317785,71072.414597064,34217.9148149407,174592.852166647
"870","LC",17348.5878482572,70895.7357570419,35031.445238565,171698.60136631
"871","LC",18488.5167811122,72228.5234579152,35458.8620708287,168214.034555006
"872","LC",19703.3473707086,72070.3496595271,36234.773637791,163416.033402008
"873","LC",20998.0012029639,72892.8127804631,36356.7715210663,156656.216572793
"874","LC",22377.7232479364,71519.5461837561,37995.8708826351,160152.043442454
"875","LC",23848.1031085258,70088.3609982951,37626.0618433401,160252.691498516
"876","LC",25415.097665368,68413.6619470781,37685.6479749314,159341.670142899
"877","LC",27085.0552096646,68178.3646145614,38238.4358963466,160258.560633054
"878","LC",28864.7411617158,68241.4840179301,37575.3831252582,161581.348004769
"879","LC",30761.3654793496,68016.7603000287,37982.2162718635,164246.398334058
"880","LC",32782.6118672831,68313.3929967425,38136.124928506,163855.602013888
"881","LC",34936.6689057542,69525.7918176417,39008.677566902,161192.184034521
"882","LC",37232.2632245301,67753.5736828634,38629.6948309684,159280.521108005
"883","LC",39678.6948566919,70725.9352477054,38220.6141344324,157831.12383411
"884","LC",42285.87491542,70450.7647882323,38801.3831696705,158850.849369771
"885","LC",45064.3657464196,70376.0592623231,39525.7331304169,156911.85340371
"886","LC",48025.4237186547,69969.9972848563,39595.1362788315,152626.920503821
"887","LC",51181.0448267448,70847.0105465766,39911.2102557023,150233.191642684
"888","LC",54544.0132897725,70376.8289685721,41110.9696627859,147673.457375174
"889","LC",58127.9533433881,71858.6921330898,42418.5724699411,144275.17078463
"890","LC",61947.3844350334,72468.8339721727,43134.9557273354,144746.992199879
"891","LC",66017.7800458945,74265.0915750118,43809.2475452021,143024.174684045
"892","LC",70355.6303778874,75390.3320175949,44819.2977370229,142279.39347921
"893","LC",74978.5091596358,74935.7092890338,45108.8290112373,143424.761820967
"894","LC",79905.1448420892,75687.5657647117,45701.4434946419,134906.809378655
"895","LC",85155.4964722143,77676.6284188706,47004.6524988733,131873.874521704
"896","LC",90750.8345521411,78348.7811895606,48297.8961065348,125732.791030406
"897","LC",96713.8272113456,79770.5943318207,48132.9940073181,126915.647162407
"898","LC",103068.632040975,81079.4039619354,49691.8212180337,127726.843235249
"899","LC",109840.993962357,84624.3729328007,51770.7233316016,128731.566655083
"900","LC",117058.349526189,84292.0041763559,53654.7286132804,134643.863958835
"901","LC",124749.938064939,86437.8949917394,55430.5327756461,137421.597201608
"902","LC",132946.920148779,87080.7955961762,56844.8319734581,141047.969372058
"903","LC",141682.503824933,89909.2479862296,57960.2288345479,143896.152525528
"904","LC",150992.079151872,93028.590657418,60241.7672680563,147164.625839589
"905","LC",160913.361573395,97009.06823601,61233.7797224063,145329.967180288
"906","LC",171486.544713421,99257.9995567011,64545.2668810847,147942.810834585
"907","LC",182754.463210534,102321.578852301,65881.2156753737,151530.049924054
"908","LC",194762.766251925,106550.897348943,69195.2088957473,150703.562756337
"909","LC",207560.102509801,105811.519284391,72432.295449697,156251.757180812
"910","LC",221198.317229453,108964.446722259,76934.5344952659,157386.465257618
"911","LC",235732.662267456,114722.634517945,80699.6856078347,168545.115608186
"912","LC",251222.019930916,119148.114523265,81751.9352242966,167521.980255971
"913","LC",267729.141524579,122055.309371015,84859.613410705,172456.311313318
"914","LC",285320.901572239,126301.51594273,90636.0754401971,175213.631938449
"915","LC",304068.568742345,131673.202551417,93699.8868346172,181061.454661472
"916","LC",324048.094575396,139658.5289709,98881.795408644,193024.057827396
"917","LC",345340.421182839,149394.23321908,103443.556599805,203570.753331396
"918","LC",368031.809164034,157557.987527134,110133.296094483,217040.818222632
"919","LC",392214.187069749,164174.234013392,114201.690642904,223994.976594042
"920","LC",417985.52382797,172499.810981727,116134.560439308,245719.246296645
"921","LC",445450.225640798,181256.847865379,121833.356592983,259347.058754202
"922","LC",474719.558960383,190549.775136818,130021.120470179,279222.201293783
"923","LC",505912.101257447,196317.228019754,137724.556575299,313662.608739495
"924","LC",539154.221408613,203017.65892157,147190.268883392,327665.729867809
"925","LC",574580.591648674,216867.340166667,153488.752334928,344977.596547067
"926","LC",612334.733161873,233444.680150648,159994.07732729,421700.891372348
"927","LC",652569.597522513,244359.583900157,166597.590061388,494864.672818672
"928","LC",695448.186340459,259683.023002652,171736.199539905,562806.726682068
"929","LC",741144.211621887,280500.091415112,183235.827466206,660093.350108859
"930","LC",789842.799520536,292077.826900414,196762.997264013,805105.90839628
"931","LC",841741.240330581,319987.967037283,208090.846185158,983664.464194188
"932","LC",897049.787759499,344492.749003301,223228.193311796,1216978.56615155
"933","LC",955992.510719002,397629.122203881,245008.513751229,1302855.79791069
"934","LC",1018808.20108488,473437.401409041,266214.545725549,1475561.71206044
"935","LC",1085751.34110323,550160.328297687,296413.417410056,1646256.6839202
"936","LC",1157093.13436244,655670.488226926,331307.911866573,1731675.69938292
"937","LC",1233122.60450748,776232.35103346,353926.522301354,1965432.67282788
"938","LC",1314147.76614776,798333.632847154,376992.257980067,2037150.57571044
"939","LC",1400496.87270222,1010749.81199703,420658.545319054,2073532.0495421
"940","LC",1492519.74623694,1100372.55100062,447860.375505823,2156272.07012299
"941","LC",1590589.19468279,1198586.41854096,488504.7965205,2436371.98494003
"942","LC",1695102.5221746,1368620.03806778,565321.638216142,2477975.82247057
"943","LC",1806483.13863074,1483471.15957961,700856.261096002,2553778.56178197
"944","LC",1925182.27509369,1584675.76576944,759946.649862906,2669824.19999113
"945","LC",2051680.81178118,1720615.48992304,801382.569591314,2738064.65139418
"946","LC",2186491.22625349,1935346.23410433,970486.653911544,2796679.73130706
"947","LC",2330159.66958966,1968936.12216531,1057354.38045799,2877441.82881747
"948","LC",2483268.17898363,2051097.87012072,1085943.10879754,3003574.30936566
"949","LC",2646437.03572409,2143691.35629175,1314859.3716915,3059029.20896781
"950","LC",2820327.27811082,2347060.7711112,1407404.3090973,3189379.0219181
"951","LC",3005643.37948801,2429262.39204031,1487271.50821965,3275648.00657821
"952","LC",3203136.10224392,2475054.55255252,1537804.08965513,3379509.34861091
"953","LC",3413605.53933917,2503757.51569607,1602218.19566932,3451238.59837294
"954","LC",3637904.35568564,2526530.3327927,1698191.06524681,3471056.09024051
"955","LC",3876941.24250763,2550634.66678121,1775384.13026572,3472636.71623359
"956","LC",4131684.59867983,2596433.49918772,1817083.50638589,3544857.16310187
"957","LC",4403166.453956,2640424.06685555,1865535.95508043,3607745.21985622
"958","LC",4692486.64998251,2683051.23507635,1902787.57751499,3681700.12423292
"959","LC",5000817.29603497,2698398.91414143,1926540.30985026,3715966.2996992
"960","LC",5329407.51752925,2713570.04000954,1952404.4061987,3715966.2996992
"961","LC",5679588.5165445,2713570.04000954,1952404.4061987,3771896.58736348
"962","LC",6052778.96485929,2713570.04000954,1952404.4061987,3771896.58736348
"963","LC",6450490.75134988,2722174.30871983,1955655.59895442,3771896.58736348
"964","LC",6874335.10703419,2722174.30871983,1955655.59895442,3800439.23095531
"965","LC",7326029.13257624,2722174.30871983,1955655.59895442,3816635.48275759
"966","LC",7807402.75469506,2722174.30871983,1955655.59895442,3816635.48275759
"967","LC",8320406.13966064,2722174.30871983,1955655.59895442,3816635.48275759
"968","LC",8867117.59391058,2722174.30871983,1955655.59895442,3816635.48275759
"969","LC",9449751.98379504,2722174.30871983,1955655.59895442,3816635.48275759
"970","LC",10070669.7085604,2722174.30871983,1955655.59895442,3816635.48275759
"971","LC",10732386.2629235,2722174.30871983,1955655.59895442,3816635.48275759
"972","LC",11437582.4279768,2722174.30871983,1955655.59895442,3816635.48275759
"973","LC",12189115.1317107,2722174.30871983,1955655.59895442,3816635.48275759
"974","LC",12990029.0231507,2722174.30871983,1955655.59895442,3816635.48275759
"975","LC",13843568.8070014,2722174.30871983,1955655.59895442,3816635.48275759
"976","LC",14753192.3887648,2722174.30871983,1955655.59895442,3816635.48275759
"977","LC",15722584.8835908,2722174.30871983,1955655.59895442,3816635.48275759
"978","LC",16755673.5456097,2722174.30871983,1955655.59895442,3816635.48275759
"979","LC",17856643.6782325,2722174.30871983,1955655.59895442,3816635.48275759
"980","LC",19029955.5898728,2722174.30871983,1955655.59895442,3816635.48275759
"981","LC",20280362.6637846,2722174.30871983,1955655.59895442,3816635.48275759
"982","LC",21612930.6152195,2722174.30871983,1955655.59895442,3816635.48275759
"983","LC",23033058.0139202,2722174.30871983,1955655.59895442,3816635.48275759
"984","LC",24546498.1550919,2722174.30871983,1955655.59895442,3816635.48275759
"985","LC",26159382.3674557,2722174.30871983,1955655.59895442,3816635.48275759
"986","LC",27878244.8528121,2722174.30871983,1955655.59895442,3816635.48275759
"987","LC",29710049.1577446,2722174.30871983,1955655.59895442,3816635.48275759
"988","LC",31662216.3847076,2722174.30871983,1955655.59895442,3816635.48275759
"989","LC",33742655.2567896,2722174.30871983,1955655.59895442,3816635.48275759
"990","LC",35959794.1579497,2722174.30871983,1955655.59895442,3816635.48275759
"991","LC",38322615.278533,2722174.30871983,1955655.59895442,3816635.48275759
"992","LC",40840691.0043944,2722174.30871983,1955655.59895442,3816635.48275759
"993","LC",43524222.6970547,2722174.30871983,1955655.59895442,3816635.48275759
"994","LC",46384082.0219958,2722174.30871983,1955655.59895442,3816635.48275759
"995","LC",49431854.9925262,2722174.30871983,1955655.59895442,3816635.48275759
"996","LC",52679888.9076517,2722174.30871983,1955655.59895442,3816635.48275759
"997","LC",56141342.374105,2722174.30871983,1955655.59895442,3816635.48275759
"998","LC",59830238.6151895,2722174.30871983,1955655.59895442,3816635.48275759
"999","LC",63761522.282403,2722174.30871983,1955655.59895442,3816635.48275759
"1000","LC",67951120.0000001,2722174.30871983,1955655.59895442,3816635.48275759
