IUCN,Generations,median_Ne,lq_Ne,uq_Ne
CR,214.90480000000002,14201.357920458388,4236.047631706887,44279.29759770566
CR,227.01020189600104,14201.357920458388,4236.047631706887,44279.29759770566
CR,239.79749063242468,14201.357920458388,4236.047631706887,44279.29759770566
CR,253.30507630644425,14201.357920458388,4236.047631706887,44279.29759770566
CR,267.57353262285346,14201.357920458388,4236.047631706887,44279.29759770566
CR,282.6457187682182,14201.357920458388,4236.047631706887,44279.29759770566
CR,298.5669081500901,14201.357920458388,4236.047631706887,44279.29759770566
CR,315.3849243879929,14201.357920458388,4236.047631706887,44279.29759770566
CR,333.1502849646598,14201.357920458388,4236.047631706887,44279.29759770566
CR,351.91635296902484,14201.357920458388,4236.047631706887,44279.29759770566
CR,371.739497386762,14201.357920458388,4236.047631706887,44279.29759770566
CR,392.67926241985657,14201.357920458388,4236.047631706887,44279.29759770566
CR,414.79854634379654,14201.357920458388,4236.047631706887,44279.29759770566
CR,438.1637904396411,14201.357920458388,4236.047631706887,44279.29759770566
CR,462.8451785684634,14201.357920458388,4236.047631706887,44279.29759770566
CR,488.91684798765556,14201.357920458388,4236.047631706887,44279.29759770566
CR,516.4571120423277,14201.357920458388,4236.047631706887,44279.29759770566
CR,545.5486954007282,14201.357920458388,4236.047631706887,44279.29759770566
CR,576.2789825402651,14201.357920458388,4236.047631706887,44279.29759770566
CR,608.7402802305376,14201.357920458388,4236.047631706887,44279.29759770566
CR,643.0300948018026,14201.357920458388,4236.047631706887,44279.29759770566
CR,679.2514250317438,14201.357920458388,4236.047631706887,44279.29759770566
CR,717.5130715302888,14201.357920458388,4236.047631706887,44279.29759770566
CR,757.9299635518178,14201.357920458388,4236.047631706887,44279.29759770566
CR,800.6235042164104,14201.357920458388,4216.494565555648,44279.29759770566
CR,845.7219351771156,14185.4059904586,4182.277990671738,44279.29759770566
CR,893.3607218286121,13743.054847026378,4165.18965809304,44279.29759770566
CR,943.6829602143388,13275.786445485433,4165.18965809304,31388.2377147723
CR,996.8398068543511,12782.197218193014,4165.18965809304,30614.02553546104
CR,1052.9909327850132,12260.804535752502,4165.18965809304,29796.202652324933
CR,1112.3050031743546,11786.959431894402,4165.18965809304,28290.88947345748
CR,1174.9601839537427,11786.959431894402,4165.18965809304,25553.232494769945
CR,1241.1446769876784,11786.959431894402,4165.18965809304,23860.780498176056
CR,1311.0572853892495,11786.959431894402,4165.18965809304,23860.780498176056
CR,1384.908010679316,11608.273089616956,4165.18965809304,23860.780498176056
CR,1462.9186835831524,10238.07492223943,4072.027526539732,23860.780498176056
CR,1545.3236303593194,9953.457621274705,3353.1565864410313,23860.780498176056
CR,1632.370376662271,9652.80807340469,3607.3432118630417,23860.780498176056
CR,1724.3203910529362,9335.223195998911,4028.7871254444754,23860.780498176056
CR,1821.4498703906029,8999.749036561787,4473.970610922526,23860.780498176056
CR,1924.05056946525,8645.377907277038,4818.973110869041,22313.408707465554
CR,2032.4306773623564,8380.616932921745,4845.784784240502,19429.401188268752
CR,2146.915743192587,7643.819024862862,4815.284954214216,19429.401188268752
CR,2267.8496539670227,7903.5176785222375,4783.067095087472,19429.401188268752
CR,2395.5956675552607,8177.844933191907,4749.034431763905,19429.401188268752
CR,2530.5375038291586,8467.624805340582,4633.392829143291,19429.401188268752
CR,2673.0804972697642,8773.727727573441,4488.956930453742,19429.401188268752
CR,2823.6528144995923,9097.073163213026,4564.348378265135,19429.401188268752
CR,2982.706740397441,9422.02035936118,4840.87244010074,19429.401188268752
CR,3150.7200366589586,9563.307278969158,5132.972863666912,19429.401188268752
CR,3328.197376883745,9634.560572526414,5441.527051975707,19429.401188268752
CR,3515.671862499668,10085.0041516141,5772.651781748216,19429.401188268752
CR,3713.706624077915,10233.19449359981,6132.519746829952,19429.401188268752
CR,3922.896512848684,10156.413091169961,6505.136278965629,19554.15667913662
CR,4143.869887498541,10036.216312783647,6801.214415483609,19791.0806049939
CR,4377.290501616543,9940.179179017163,7113.9703778815665,21245.675314986347
CR,4623.859497458498,10028.861465304044,7789.94933523235,25795.242830614625
CR,4884.317512018323,10122.539148234271,8129.746422581135,28301.464235348074
CR,5159.446901732548,10803.705610558174,7780.13840844553,30948.85892864771
CR,5450.074092500496,11606.97395169369,7410.83727662632,33745.3790800093
CR,5757.072062079125,12698.140665680952,7263.69948228799,36699.424797772925
CR,6081.362962308935,13159.104442653866,7706.057178068087,41188.773962493404
CR,6423.920889047669,12963.682163615225,8374.561916619747,51769.48522462016
CR,6785.774808132018,14412.7978375054,8727.722001392229,59519.76319465969
CR,7168.011646156097,15968.564822437571,9140.56310006964,59123.98632133554
CR,7571.779555350939,17613.25390775893,9131.533906103059,52618.027365429865
CR,7998.291362371754,19371.338181271094,9168.801956187837,49761.37214306131
CR,8448.82821135242,21228.45382447761,9208.169283367197,52622.32247487985
CR,8924.743412170143,22699.728695642312,9388.350851469622,55644.4276695548
CR,9427.466505479399,23892.646464058376,9782.643266668343,58836.76544141525
CR,9958.50755672587,25347.552418456035,9725.059717530119,62208.92484460329
CR,10519.461692038481,26013.506083917466,9800.304046724323,65771.03507640472
CR,11112.013889624168,26643.39992266269,10063.416964304084,64379.04720854353
CR,11737.944041057948,27753.90736129232,9985.300981797514,65504.042582584356
CR,12399.132297671,28926.968725442042,9761.04254098933,66287.5575219129
CR,13097.564718096202,30139.471091880507,9926.553339150385,66867.47598497079
CR,13835.339233934994,31250.794751226444,10108.895212145484,67480.06075451522
CR,14614.67195146524,32533.143166945585,10302.125981336878,68127.15189539571
CR,15437.903808318573,33994.069231615955,10615.0003002991,68810.6931217266
CR,16307.507605123023,35576.86327279615,10944.381834397023,70236.38752412198
CR,17226.095433231596,37250.7510774753,11282.116558224618,71174.13071284446
CR,18196.426520848698,38809.11372438814,11655.825259877238,71288.75091615033
CR,19221.41552112196,39694.98710572729,12062.740540680488,70998.76580775328
CR,20304.14126709512,40334.74436676556,12469.278436343955,70649.75866697932
CR,21447.85601981985,39264.55783224007,12857.00444622749,70128.76417902256
CR,22655.99523740589,38923.20408189199,13124.572413714406,69357.89117048105
CR,23932.187894352937,38624.85051719134,13462.444907450958,68393.68006373697
CR,25280.2673821622,38348.922489245524,14669.408780829015,67375.15577757703
CR,26704.283023969358,38544.79194591638,15905.018579860187,66299.25889748339
CR,28208.51223778732,37769.076966729976,17056.269175302863,64962.93250330983
CR,29797.47338489375,36649.17103492817,18553.391319579423,64162.07917658758
CR,31475.939341957215,35466.78787517328,20123.78994028906,63683.735010429344
CR,33248.95183766941,35357.22028603003,21779.818692268844,63178.446130258446
CR,35121.836596947796,35964.868401226515,23818.820029190254,62635.44963359269
CR,37100.21933819748,37347.7920440035,24892.9787291944,62246.9678161647
CR,39190.04267168593,38967.095611033415,24077.791636503858,62198.39410248095
CR,41397.583949787615,40181.52671243936,23385.608195815134,62147.08427343017
CR,43729.47412271824,40302.61508620044,22983.99947504946,62115.385368067706
CR,46192.71765639585,41415.9207763761,23538.066397456634,62099.64581250414
CR,48794.713572258006,44209.73378070789,24633.726855320165,62078.30494530947
CR,51543.27767223361,47174.18796953444,25791.104921091915,62055.7619654854
CR,54446.666015628194,49880.47928439384,27141.41032070594,62176.0447585702
CR,57513.599718442274,50647.6141005434,28561.52983352562,62063.023896330946
CR,60753.29114961297,51089.210982347664,30061.643452773,63637.279493784874
CR,64175.47160286867,50955.867920094344,31656.9295320606,65437.55298823467
CR,67790.42052731394,51081.93192983496,33458.60237404062,67852.50528193779
CR,71608.99640454912,51287.35629554518,35361.7618921548,70239.26526786562
CR,75642.66936507098,51805.98183868312,37343.08590359767,70270.4952584305
CR,79903.5556419271,51831.89473077872,39575.437331920635,70315.47734186117
CR,84404.45396511474,52030.68264513067,40976.741477619085,70437.03081412974
CR,89158.88400604555,52639.81782429292,43423.557248589226,70887.93467562928
CR,94181.12698755217,54090.87570523469,46745.76444819814,73077.10342044661
CR,99486.26858142363,56037.29975616351,51473.247312156964,72846.23283053223
CR,105090.24422231964,63015.95178968949,52168.0001447074,73702.67933525011
CR,111009.88697418036,67443.34660414886,53671.10539720932,79604.08588137025
CR,117262.97809290876,69363.86318384949,53915.86674188181,90853.93561461818
CR,123868.3004372055,69058.83832778821,54391.66873216818,99335.58243119583
CR,130845.69488798986,71384.7596264602,56891.85213560492,108082.3963032197
CR,138216.11994587895,75068.7861672274,57314.800473893854,112703.3815620936
CR,146001.71468573905,80370.35348698928,58475.72492603181,114390.6464939988
CR,154225.86525741612,92684.80954773865,58777.38847518293,121295.18529433693
CR,162913.27513239108,105692.92828957288,58986.793014111565,128595.53639424019
CR,172090.03930737174,117814.96752714258,59351.02948804086,136951.82420324476
CR,181783.72268770734,128379.1186662312,60313.35915514944,139829.02138627207
CR,192023.44288607375,131136.35258719776,61513.994535977305,156675.8827422196
CR,202839.95768513661,132933.44512491996,57157.356825614836,174151.73629147492
CR,214265.75742691258,119326.62971312492,57636.626149813914,186931.01757476252
CR,226335.16260633973,112215.78622707832,58332.89349447603,194089.81883469707
CR,239084.4269622149,112064.21928798054,59142.44126989489,198820.2749796559
CR,252551.84637514898,149456.01038815954,60658.54340272719,210460.22453875796
CR,266777.87389965414,158613.4339168766,62535.41934742409,268323.00851362845
CR,281805.2412758877,207498.44846707492,92340.5775355275,305408.4856270038
CR,297679.08728604735,213758.68129639718,93058.80816093787,473754.82152258285
CR,314447.093340972,183180.48038530367,93586.37344169134,674643.451864067
CR,332159.62670421787,196339.75759869878,93790.7853187742,791682.4204624596
CR,350869.8917838262,221625.33291448842,94239.52474416504,909652.9529168619
CR,370634.08994621935,249360.8421292231,94945.0960894344,993967.1282828506
CR,391511.5883322841,340634.1395363228,96123.04005295126,751037.9953162144
CR,413565.09818271094,334008.49597978557,101578.57374540203,994682.842086301
CR,436860.8632082517,353490.10913444567,107564.54214211565,1225327.0561889964
CR,461468.85857070895,374069.1047431951,114882.07138378825,1215103.8853761286
CR,487463.00107235287,393412.0060861121,127130.94227679547,1010376.8803220695
CR,514921.37118512567,466545.4352063813,134412.67367163955,1075805.8583937348
CR,543926.4475865641,264798.9328884495,123103.45195275192,1319863.7250324404
CR,574565.3549069184,221207.6191778529,121447.65276026011,1440111.8950713503
CR,606930.1254316657,253992.1650098004,125421.284439466,1440111.8950713503
CR,641117.9755454864,315087.1850417681,173427.32728406333,1440111.8950713503
CR,677231.5977481019,606789.5578822875,205746.11454005993,1440111.8950713503
CR,715379.4691191075,983405.9970608159,256352.66922205783,1440111.8950713503
CR,755676.1771583632,1125577.615732439,322348.8196719231,1705471.704998479
CR,798242.7639806941,1255728.051189721,422164.38855353306,1705471.704998479
CR,843207.0898987766,1255728.051189721,528871.6428945999,1705471.704998479
CR,890704.2174863509,1255728.051189721,304826.015929124,1705471.704998479
CR,940876.8172753522,1255728.051189721,261277.03059115054,1705471.704998479
CR,993875.5963056412,1255728.051189721,265564.990910863,1705471.704998479
CR,1049859.7508145561,1109690.6544699478,259303.13959815452,1584803.1919992594
CR,1108997.4444260793,1041726.2708215105,553258.0790680943,1584803.1919992594
CR,1171466.3132759875,1332093.482964951,581211.0934140973,1697753.9258764852
CR,1237453.9995902644,1332093.482964951,589009.1526768808,1753622.4137464499
CR,1307158.7153195224,1332093.482964951,595531.1796844625,1753622.4137464499
CR,1380789.8375224848,1453013.863448579,1074586.7045603844,1753622.4137464499
CR,1458568.5372868625,1620131.6559313338,1167986.5039285698,1900592.2973701216
CR,1540728.444076845,1720154.8262014757,1344323.240897462,2042484.521282401
CR,1627516.3475026898,1757723.7588854306,1344323.240897462,2219637.574465195
CR,1719192.9386203927,1757723.7588854306,1344323.240897462,2268926.605340125
CR,1816033.592988126,1757723.7588854306,1344323.240897462,2268926.605340125
CR,1918329.197831573,1757723.7588854306,1344323.240897462,2268926.605340125
CR,2026387.0258027695,1811472.6419884623,1501244.2957578823,2276200.8358314624
CR,2140531.6579570216,1811472.6419884623,1501244.2957578823,2665433.9832074624
CR,2261105.9587203506,1811472.6419884623,1501244.2957578823,2665433.9832074624
CR,2388472.1057759426,1811472.6419884623,1501244.2957578823,2665433.9832074624
CR,2523012.677963281,1811472.6419884623,1501244.2957578823,2665433.9832074624
CR,2665131.80445767,1811472.6419884623,1501244.2957578823,2665433.9832074624
CR,2815256.378682045,1811472.6419884623,1501244.2957578823,2665433.9832074624
CR,2973837.340597398,1811472.6419884623,1501244.2957578823,2665433.9832074624
CR,3141351.0312235095,1811472.6419884623,1501244.2957578823,2665433.9832074624
CR,3318300.6234586537,1811472.6419884623,1501244.2957578823,2665433.9832074624
CR,3505217.633496204,1811472.6419884623,1501244.2957578823,2665433.9832074624
CR,3702663.5173779097,1811472.6419884623,1501244.2957578823,2665433.9832074624
CR,3911231.357479761,1944165.7599267112,1655460.1198634082,2665433.9832074624
CR,4131547.6439960888,1944165.7599267112,1655460.1198634082,3042250.2946729483
CR,4364274.156773136,1944165.7599267112,1655460.1198634082,3042250.2946729483
CR,4610109.953144691,1944165.7599267112,1655460.1198634082,3042250.2946729483
CR,4869793.467740785,1944165.7599267112,1655460.1198634082,3042250.2946729483
CR,5144104.730576789,1944165.7599267112,1655460.1198634082,3042250.2946729483
CR,5433867.710085632,1944165.7599267112,1655460.1198634082,3042250.2946729483
CR,5739952.7881308375,1944165.7599267112,1655460.1198634082,3042250.2946729483
CR,6063279.374435077,1944165.7599267112,1655460.1198634082,3042250.2946729483
CR,6404818.668277143,1944165.7599267112,1655460.1198634082,3042250.2946729483
CR,6765596.57575294,1944165.7599267112,1655460.1198634082,3042250.2946729483
CR,7146696.791363283,1944165.7599267112,1655460.1198634082,3042250.2946729483
CR,7549264.0531848585,1944165.7599267112,1655460.1198634082,3042250.2946729483
CR,7974507.581402173,1944165.7599267112,1655460.1198634082,3042250.2946729483
CR,8423704.710528996,1944165.7599267112,1655460.1198634082,3042250.2946729483
CR,8898204.726229856,1944165.7599267112,1655460.1198634082,3042250.2946729483
CR,9399432.918266088,1944165.7599267112,1655460.1198634082,3042250.2946729483
CR,9928894.861741118,1944165.7599267112,1655460.1198634082,3042250.2946729483
CR,10488180.939504461,1944165.7599267112,1655460.1198634082,3042250.2946729483
CR,11078971.119298859,1944165.7599267112,1655460.1198634082,3042250.2946729483
CR,11703039.999999993,1944165.7599267112,1655460.1198634082,3042250.2946729483
EN,214.90480000000002,24123.852139717987,8699.07873428367,88153.78616031924
EN,227.01020189600104,24123.852139717987,8699.07873428367,88153.78616031924
EN,239.79749063242468,24123.852139717987,8699.07873428367,88153.78616031924
EN,253.30507630644425,24123.852139717987,8699.07873428367,88153.78616031924
EN,267.57353262285346,24123.852139717987,8699.07873428367,88153.78616031924
EN,282.6457187682182,24123.852139717987,8699.07873428367,88153.78616031924
EN,298.5669081500901,24123.852139717987,8699.07873428367,88153.78616031924
EN,315.3849243879929,24123.852139717987,8699.07873428367,88153.78616031924
EN,333.1502849646598,24123.852139717987,8699.07873428367,88153.78616031924
EN,351.91635296902484,24123.852139717987,8699.07873428367,88153.78616031924
EN,371.739497386762,24123.852139717987,8699.07873428367,88153.78616031924
EN,392.67926241985657,24123.852139717987,8699.07873428367,88153.78616031924
EN,414.79854634379654,24123.852139717987,8699.07873428367,88153.78616031924
EN,438.1637904396411,24123.852139717987,8699.07873428367,88153.78616031924
EN,462.8451785684634,24123.852139717987,8699.07873428367,88153.78616031924
EN,488.91684798765556,24123.852139717987,8699.07873428367,88153.78616031924
EN,516.4571120423277,24123.852139717987,8699.07873428367,88153.78616031924
EN,545.5486954007282,24123.852139717987,8699.07873428367,88153.78616031924
EN,576.2789825402651,24123.852139717987,8699.07873428367,88153.78616031924
EN,608.7402802305376,24123.852139717987,8699.07873428367,88153.78616031924
EN,643.0300948018026,24123.852139717987,8699.07873428367,88153.78616031924
EN,679.2514250317438,24123.852139717987,8699.07873428367,88153.78616031924
EN,717.5130715302888,24123.852139717987,8699.07873428367,88153.78616031924
EN,757.9299635518178,24123.852139717987,8699.07873428367,88153.78616031924
EN,800.6235042164104,23626.785953493578,8699.07873428367,88153.78616031924
EN,845.7219351771156,22969.89850058796,8699.07873428367,88153.78616031924
EN,893.3607218286121,22767.598682306976,8699.07873428367,88153.78616031924
EN,943.6829602143388,22767.598682306976,8699.07873428367,88153.78616031924
EN,996.8398068543511,22767.598682306976,8699.07873428367,88153.78616031924
EN,1052.9909327850132,22767.598682306976,8699.07873428367,88153.78616031924
EN,1112.3050031743546,22767.598682306976,8699.07873428367,88153.78616031924
EN,1174.9601839537427,22767.598682306976,8699.07873428367,88153.78616031924
EN,1241.1446769876784,22767.598682306976,8699.07873428367,88153.78616031924
EN,1311.0572853892495,22767.598682306976,8474.256043200696,88153.78616031924
EN,1384.908010679316,22767.598682306976,8482.254514059518,88153.78616031924
EN,1462.9186835831524,22767.598682306976,8502.310614435606,88153.78616031924
EN,1545.3236303593194,22767.598682306976,8523.49645763512,88153.78616031924
EN,1632.370376662271,22767.598682306976,8568.994070103416,88153.78616031924
EN,1724.3203910529362,22767.598682306976,8639.913547511671,88153.78616031924
EN,1821.4498703906029,22767.598682306976,8699.07873428367,88153.78616031924
EN,1924.05056946525,22767.598682306976,8699.07873428367,88153.78616031924
EN,2032.4306773623564,22767.598682306976,8737.626362996913,88153.78616031924
EN,2146.915743192587,22767.598682306976,8800.7805035361,88153.78616031924
EN,2267.8496539670227,22767.598682306976,9239.868861635357,88153.78616031924
EN,2395.5956675552607,22767.598682306976,9394.349213052803,88153.78616031924
EN,2530.5375038291586,22767.598682306976,9557.531309330963,88153.78616031924
EN,2673.0804972697642,23345.989204066842,9765.461918212248,88153.78616031924
EN,2823.6528144995923,24363.025887630152,9960.436098329672,88153.78616031924
EN,2982.706740397441,25437.351369756878,10030.265075118774,88153.78616031924
EN,3150.7200366589586,27406.05195426968,10186.848223545287,88153.78616031924
EN,3328.197376883745,29499.36982745042,10764.71017048809,88153.78616031924
EN,3515.671862499668,31710.602489648998,11322.613274979518,88153.78616031924
EN,3713.706624077915,34046.39197915666,11738.696918232135,88153.78616031924
EN,3922.896512848684,36458.68049170218,12167.575262847646,86672.93270720413
EN,4143.869887498541,34682.53283543069,12496.842732566893,79306.47795947532
EN,4377.290501616543,33083.931846716754,12805.346658064962,71525.07717391942
EN,4623.859497458498,31405.608087413195,13131.228343411332,70078.49311741118
EN,4884.317512018323,29632.74579933793,13588.81122122044,72231.13590126458
EN,5159.446901732548,27760.01970876307,14209.403044634282,74546.98144086712
EN,5450.074092500496,24183.478182342522,14337.958320988106,76993.27656086956
EN,5757.072062079125,26457.78414095431,14775.880202736229,76642.65128156276
EN,6081.362962308935,30826.283509001012,16198.90054758938,80920.51067695247
EN,6423.920889047669,34096.166100174814,16386.8083901533,84003.37755811226
EN,6785.774808132018,33459.95529795022,17627.621501760237,80866.70994686824
EN,7168.011646156097,32787.907290360716,18402.892081293016,89807.35033867325
EN,7571.779555350939,32078.003398559802,19071.97441873991,89666.2153796413
EN,7998.291362371754,33280.5671508018,19904.282024736738,87068.76889797165
EN,8448.82821135242,34452.815801993165,21078.81273322149,87885.97138866094
EN,8924.743412170143,35691.09620791838,22311.53057846723,88498.41290548525
EN,9427.466505479399,36757.690338569926,22229.20171349547,82326.91898003418
EN,9958.50755672587,36995.77833116043,21914.29383344025,82414.72140172849
EN,10519.461692038481,35427.11025515241,21869.424766127246,85382.90531172266
EN,11112.013889624168,35397.18565698309,21711.072006605544,88384.64463180948
EN,11737.944041057948,36771.36119717889,21124.13564698897,90885.43279322039
EN,12399.132297671,36455.19133875625,19692.45317733878,93527.08819329063
EN,13097.564718096202,35023.39883764608,16443.97523225704,96317.54576198902
EN,13835.339233934994,35922.153076390256,15549.909361488892,92734.43437594433
EN,14614.67195146524,37091.92854212524,16948.965724589812,83852.11960009956
EN,15437.903808318573,35899.69143119451,18445.424325859392,68589.89879898347
EN,16307.507605123023,36140.314002760846,19718.62743246324,70518.1479778107
EN,17226.095433231596,36491.43456988353,19870.223616069008,70082.63988581105
EN,18196.426520848698,36479.47507596896,20244.171544407545,72979.60462618586
EN,19221.41552112196,35318.098793334546,19585.56541368607,75936.98728461133
EN,20304.14126709512,35643.56567122703,18387.56420780602,77349.21905326888
EN,21447.85601981985,35447.0308397958,18613.48242032037,79175.59699186313
EN,22655.99523740589,34629.926780084956,19544.815325357646,81104.8532233605
EN,23932.187894352937,34029.57508422332,19803.705093413402,82464.0065540224
EN,25280.2673821622,35291.165414314295,21189.89080460649,80645.31072432062
EN,26704.283023969358,37182.856733107765,21715.69414763403,80209.28275060613
EN,28208.51223778732,36853.49458865868,21409.49464853004,81521.40189633818
EN,29797.47338489375,36248.92432723893,21060.28963211174,82309.55411310494
EN,31475.939341957215,36896.51440313349,21374.617212234883,82193.99604608041
EN,33248.95183766941,38806.22391461426,22469.528265795634,82071.92869288052
EN,35121.836596947796,40060.515417399045,22741.807852633305,81768.90752502713
EN,37100.21933819748,42330.81499912702,22522.566786349744,81207.20849577902
EN,39190.04267168593,45795.85593228395,22369.810125983913,80831.20481621448
EN,41397.583949787615,49154.11187703197,22327.995666727064,83183.48195267755
EN,43729.47412271824,52347.95420349772,22555.319844652353,86479.17399498263
EN,46192.71765639585,54134.68244536204,22892.38471034046,88095.32821226526
EN,48794.713572258006,55153.87965453837,23573.49428500216,88779.7965741145
EN,51543.27767223361,55621.72292001626,24464.072953336035,89456.85483207554
EN,54446.666015628194,56012.19576165403,27479.36985145274,88111.25201700762
EN,57513.599718442274,56081.16382109341,28421.442125829315,88022.23279364251
EN,60753.29114961297,57458.28263506189,29169.32283389517,92883.54327889849
EN,64175.47160286867,56122.84425628111,29737.969518955346,94722.00358286488
EN,67790.42052731394,54997.33600669823,30674.33753131196,93778.62192645442
EN,71608.99640454912,53808.42884886172,31346.86745114064,91733.19395890426
EN,75642.66936507098,52999.26569643876,32011.405223829897,94073.6471729725
EN,79903.5556419271,54936.65416741562,32520.127108117682,96545.93609650414
EN,84404.45396511474,54201.97728829714,34079.731015761725,98182.68125993141
EN,89158.88400604555,55175.646659089325,35587.79217919766,98361.1572178685
EN,94181.12698755217,58280.85541939686,37413.964866705806,98394.12006579156
EN,99486.26858142363,60249.067599635535,40802.53787149853,98183.32848598782
EN,105090.24422231964,62788.954518213366,43158.57490143065,97720.11319342224
EN,111009.88697418036,62285.995571267864,45836.45486389978,102696.9055758161
EN,117262.97809290876,64704.2797671953,46354.30886630318,103820.44665224491
EN,123868.3004372055,64640.32817284628,51086.59431724338,104909.05177178785
EN,130845.69488798986,65039.955266294026,51931.95515150171,105337.80083316859
EN,138216.11994587895,68458.8597543457,51619.560051522305,108950.91094239068
EN,146001.71468573905,71082.0639522184,53119.564184736126,111299.20173260247
EN,154225.86525741612,72684.48496448391,56338.430894807316,116053.69542400692
EN,162913.27513239108,75139.43142404832,54619.787166925984,120570.27562263579
EN,172090.03930737174,81475.86442465268,56930.50775043847,120903.61255380098
EN,181783.72268770734,89510.26821824469,62010.47804175122,123623.69035947774
EN,192023.44288607375,95190.55932392068,65561.67580256921,124555.89452344921
EN,202839.95768513661,99966.97384537032,68870.99602529852,129837.74101859727
EN,214265.75742691258,108075.34045097913,70586.1390537142,133896.7004620209
EN,226335.16260633973,115407.10181420611,72085.0382183277,145574.40709540696
EN,239084.4269622149,126356.11507165384,74425.498955534,164850.6176498268
EN,252551.84637514898,129418.16753328394,79437.76992172468,193969.30052327778
EN,266777.87389965414,136230.467360478,80744.78707749295,227619.48221018462
EN,281805.2412758877,139839.83331637253,86463.53318776144,265397.9781973128
EN,297679.08728604735,143890.13026025298,90470.92926420509,295777.4510542027
EN,314447.093340972,147421.23305007978,94743.36524609852,334918.61022677034
EN,332159.62670421787,153072.39327154105,98030.85299302585,353677.2263927119
EN,350869.8917838262,167383.2446398915,100793.71808012776,345435.73154969234
EN,370634.08994621935,174261.96531699656,106843.71186495888,395724.56315870536
EN,391511.5883322841,180907.3455311775,109571.9971637844,494619.5486642804
EN,413565.09818271094,201605.39048428537,120946.9067496918,502125.1163048178
EN,436860.8632082517,197836.94752395555,135086.91749120562,547868.1517798062
EN,461468.85857070895,215221.51466271735,142504.00358025005,712409.9037807048
EN,487463.00107235287,226246.6844608269,146290.78101739788,918178.8707924604
EN,514921.37118512567,245059.62052623346,157829.70963301547,913452.8587572204
EN,543926.4475865641,301495.9816545694,182875.3750538365,974405.996183119
EN,574565.3549069184,288918.8869513347,202528.84337866015,1036651.1759838732
EN,606930.1254316657,307582.1726947082,213215.8724055914,1019312.7052129764
EN,641117.9755454864,349172.3225470309,215935.554194047,941802.1074485033
EN,677231.5977481019,377979.7302235116,235132.5401809999,1209453.1853118693
EN,715379.4691191075,439830.49395521183,235988.77022738566,1395789.7577807826
EN,755676.1771583632,479175.7964755342,229628.86197453804,1395789.7577807826
EN,798242.7639806941,651483.1335514862,256621.77834397697,1601069.2169586164
EN,843207.0898987766,698017.1548158266,273675.6936668997,1755525.75737191
EN,890704.2174863509,733432.8601115637,291257.3309840119,1789881.0662544668
EN,940876.8172753522,849189.0581819826,306999.86675775977,1789881.0662544668
EN,993875.5963056412,929917.427419705,348193.5642956078,1811319.2305515984
EN,1049859.7508145561,1148365.1006912976,379522.0415849677,1928591.8627270423
EN,1108997.4444260793,1301295.335940083,414385.16603263177,2179960.008298643
EN,1171466.3132759875,1341950.5806749726,547098.8325045318,2179960.008298643
EN,1237453.9995902644,1448193.1744421883,545806.297947321,2226128.969499732
EN,1307158.7153195224,1593966.2615528014,553440.5885584529,2226128.969499732
EN,1380789.8375224848,1649138.4261522326,629183.296764307,2407467.0154382926
EN,1458568.5372868625,1649138.4261522326,842479.6294465694,2586013.519404605
EN,1540728.444076845,1765774.670204355,1000647.7649658881,2582989.9455338153
EN,1627516.3475026898,1800617.6162558529,1046822.2626776053,2586013.519404605
EN,1719192.9386203927,1821931.6836930634,1046822.2626776053,2696185.392032437
EN,1816033.592988126,1800617.6162558529,1061238.1825069329,2779013.7471853225
EN,1918329.197831573,1800617.6162558529,1080641.997285042,2779013.7471853225
EN,2026387.0258027695,1800617.6162558529,1053808.170813257,2779013.7471853225
EN,2140531.6579570216,1821931.6836930634,1171124.4164395854,2779013.7471853225
EN,2261105.9587203506,1856627.5461116065,1304111.8407982178,2853810.2286347332
EN,2388472.1057759426,2115821.498151818,1341631.4773807644,2853810.2286347332
EN,2523012.677963281,2181080.9020775026,1341631.4773807644,2947124.772311336
EN,2665131.80445767,2181080.9020775026,1354989.276610662,2947124.772311336
EN,2815256.378682045,2210785.047163315,1341631.4773807644,2947124.772311336
EN,2973837.340597398,2268935.249364243,1341631.4773807644,2947124.772311336
EN,3141351.0312235095,2268935.249364243,1341631.4773807644,2947124.772311336
EN,3318300.6234586537,2268935.249364243,1341631.4773807644,2947124.772311336
EN,3505217.633496204,2268935.249364243,1448854.457204531,2947124.772311336
EN,3702663.5173779097,2431160.954401181,1500596.5911035943,2947124.772311336
EN,3911231.357479761,2431160.954401181,1500596.5911035943,3004427.3771391315
EN,4131547.6439960888,2431160.954401181,1500596.5911035943,3004427.3771391315
EN,4364274.156773136,2431160.954401181,1500596.5911035943,3004427.3771391315
EN,4610109.953144691,2431160.954401181,1500596.5911035943,3004427.3771391315
EN,4869793.467740785,2431160.954401181,1500596.5911035943,3004427.3771391315
EN,5144104.730576789,2431160.954401181,1500596.5911035943,3004427.3771391315
EN,5433867.710085632,2431160.954401181,1500596.5911035943,3004427.3771391315
EN,5739952.7881308375,2431160.954401181,1500596.5911035943,3004427.3771391315
EN,6063279.374435077,2431160.954401181,1500596.5911035943,3004427.3771391315
EN,6404818.668277143,2431160.954401181,1500596.5911035943,3004427.3771391315
EN,6765596.57575294,2431160.954401181,1500596.5911035943,3004427.3771391315
EN,7146696.791363283,2431160.954401181,1500596.5911035943,3004427.3771391315
EN,7549264.0531848585,2431160.954401181,1500596.5911035943,3004427.3771391315
EN,7974507.581402173,2431160.954401181,1500596.5911035943,3004427.3771391315
EN,8423704.710528996,2431160.954401181,1500596.5911035943,3004427.3771391315
EN,8898204.726229856,2431160.954401181,1500596.5911035943,3004427.3771391315
EN,9399432.918266088,2431160.954401181,1500596.5911035943,3004427.3771391315
EN,9928894.861741118,2431160.954401181,1500596.5911035943,3004427.3771391315
EN,10488180.939504461,2431160.954401181,1500596.5911035943,3004427.3771391315
EN,11078971.119298859,2431160.954401181,1500596.5911035943,3004427.3771391315
EN,11703039.999999993,2431160.954401181,1500596.5911035943,3004427.3771391315
LC,214.90480000000002,59807.71818603192,25670.810363306144,210318.21145392983
LC,227.01020189600104,59807.71818603192,25670.810363306144,210318.21145392983
LC,239.79749063242468,59807.71818603192,25670.810363306144,210318.21145392983
LC,253.30507630644425,59807.71818603192,25670.810363306144,210318.21145392983
LC,267.57353262285346,59807.71818603192,25670.810363306144,210318.21145392983
LC,282.6457187682182,59807.71818603192,25670.810363306144,210318.21145392983
LC,298.5669081500901,59807.71818603192,25670.810363306144,210318.21145392983
LC,315.3849243879929,59807.71818603192,25670.810363306144,210318.21145392983
LC,333.1502849646598,59807.71818603192,25670.810363306144,210318.21145392983
LC,351.91635296902484,59807.71818603192,25670.810363306144,210318.21145392983
LC,371.739497386762,59807.71818603192,25670.810363306144,210318.21145392983
LC,392.67926241985657,59807.71818603192,25670.810363306144,210318.21145392983
LC,414.79854634379654,59807.71818603192,25670.810363306144,210318.21145392983
LC,438.1637904396411,59807.71818603192,25670.810363306144,210318.21145392983
LC,462.8451785684634,59807.71818603192,25670.810363306144,210318.21145392983
LC,488.91684798765556,59807.71818603192,25670.810363306144,210318.21145392983
LC,516.4571120423277,59807.71818603192,25670.810363306144,210318.21145392983
LC,545.5486954007282,59807.71818603192,25670.810363306144,210318.21145392983
LC,576.2789825402651,59807.71818603192,25670.810363306144,210318.21145392983
LC,608.7402802305376,59807.71818603192,25670.810363306144,210318.21145392983
LC,643.0300948018026,59807.71818603192,25670.810363306144,210318.21145392983
LC,679.2514250317438,59807.71818603192,25670.810363306144,210318.21145392983
LC,717.5130715302888,59807.71818603192,25670.810363306144,210064.93292155094
LC,757.9299635518178,59807.71818603192,25670.810363306144,206558.22359927703
LC,800.6235042164104,59807.71818603192,25670.810363306144,206558.22359927703
LC,845.7219351771156,59807.71818603192,25670.810363306144,206558.22359927703
LC,893.3607218286121,59547.82360148214,25341.476394414738,198384.16100858507
LC,943.6829602143388,58937.50414404327,25030.349298524463,198384.16100858507
LC,996.8398068543511,58937.50414404327,25030.349298524463,198384.16100858507
LC,1052.9909327850132,58937.50414404327,25030.349298524463,198384.16100858507
LC,1112.3050031743546,58937.50414404327,25030.349298524463,198384.16100858507
LC,1174.9601839537427,58745.34626710041,24723.712512670903,198384.16100858507
LC,1241.1446769876784,58745.34626710041,24723.712512670903,198384.16100858507
LC,1311.0572853892495,58363.06201804878,24461.83953033268,186633.32151322297
LC,1384.908010679316,58363.06201804878,24461.83953033268,186633.32151322297
LC,1462.9186835831524,57477.70583484931,24300.598402235657,182523.38580880675
LC,1545.3236303593194,57413.932926172856,24300.598402235657,182523.38580880675
LC,1632.370376662271,57413.932926172856,24300.598402235657,182523.38580880675
LC,1724.3203910529362,57080.9650678764,23465.502777728892,165302.9175964956
LC,1821.4498703906029,56664.688124639644,22522.129432746664,165302.9175964956
LC,1924.05056946525,54460.965783536725,22295.922633148464,164370.95236529803
LC,2032.4306773623564,54460.965783536725,22295.922633148464,163932.41066708197
LC,2146.915743192587,54046.45833558527,21941.49300889179,163932.41066708197
LC,2267.8496539670227,53416.52066151019,22295.922633148464,160959.31753249367
LC,2395.5956675552607,51122.64467636058,22016.12681289044,149796.464054466
LC,2530.5375038291586,52819.115344248115,22016.12681289044,147136.17821133905
LC,2673.0804972697642,50325.54335860095,21690.1209664237,147136.17821133905
LC,2823.6528144995923,50325.54335860095,21868.29681262927,147136.17821133905
LC,2982.706740397441,51287.792991191774,20910.17157730699,149796.464054466
LC,3150.7200366589586,50336.11969418908,21941.49300889179,149796.464054466
LC,3328.197376883745,52188.955091188895,21941.49300889179,149796.464054466
LC,3515.671862499668,53240.78519745893,21941.49300889179,147136.17821133905
LC,3713.706624077915,53821.069978806816,22235.84251392651,147136.17821133905
LC,3922.896512848684,51571.102645755775,22688.235452467256,143259.29215583747
LC,4143.869887498541,54046.45833558527,22340.319385058476,137470.27205366842
LC,4377.290501616543,54150.13395389387,22016.12681289044,143250.76815109325
LC,4623.859497458498,54619.25439560888,22016.12681289044,143259.29215583747
LC,4884.317512018323,56694.78773438832,22173.758028233966,134148.50910700692
LC,5159.446901732548,58464.75045284194,23043.313909756154,134148.50910700692
LC,5450.074092500496,57477.70583484931,24435.37351532667,138717.1899101624
LC,5757.072062079125,57905.62786613103,25240.409981281868,138023.26045283958
LC,6081.362962308935,57563.44482371843,25721.629500480023,131431.23797416876
LC,6423.920889047669,59310.832069931814,26053.765215489257,134148.50910700692
LC,6785.774808132018,59398.03928544921,26302.561925720252,135439.9725034816
LC,7168.011646156097,61171.20699628007,26706.706200744655,137334.34045183
LC,7571.779555350939,64094.82117276614,27507.447949704405,137848.1980447299
LC,7998.291362371754,63073.9204282023,28964.373893017568,143827.70369906264
LC,8448.82821135242,63128.82225290985,28412.262933398677,141737.55093505222
LC,8924.743412170143,65898.38559134165,28226.53465009303,155782.26873048148
LC,9427.466505479399,66548.59723820467,29496.591840323978,160959.31753249367
LC,9958.50755672587,68095.27129337788,29343.386272245694,163417.25095163824
LC,10519.461692038481,68000.69065870874,30451.358674829135,169756.77739958718
LC,11112.013889624168,71161.24408084278,30969.44629364974,170287.0631581588
LC,11737.944041057948,69336.78081373479,31386.151160421337,171858.63004652012
LC,12399.132297671,68736.77944078638,32204.38470379059,175377.2623779718
LC,13097.564718096202,67875.0099850072,33029.68725931329,173687.15921701456
LC,13835.339233934994,67229.54182961723,32624.148508350947,165449.10103146412
LC,14614.67195146524,67619.1770979408,33093.59176978482,166363.3387473545
LC,15437.903808318573,68744.62826013513,32989.43633746979,166793.11141149185
LC,16307.507605123023,69825.10226647608,34161.08698442841,169825.41086313355
LC,17226.095433231596,69364.69526841678,34590.76587279496,157862.38905521572
LC,18196.426520848698,70855.92618362921,35356.22984243965,157673.391646421
LC,19221.41552112196,71095.11620433824,35884.34225776449,159723.91449574134
LC,20304.14126709512,71650.5599940443,35317.83412664539,156530.44549738744
LC,21447.85601981985,71441.21844648653,36296.1784902379,153846.41111724832
LC,22655.99523740589,70653.7578239738,36200.40141970554,156034.37977382052
LC,23932.187894352937,69171.30052548515,36183.328684166096,157524.94274254036
LC,25280.2673821622,67837.52060375563,37036.88797629182,158040.98532033843
LC,26704.283023969358,66611.84383754323,38014.60984789785,158422.35748253268
LC,28208.51223778732,66929.88176333893,37133.467269410176,158613.92944612174
LC,29797.47338489375,66617.9033412529,37007.05859558113,161078.67034691575
LC,31475.939341957215,67514.10928739744,37543.63637462445,161471.24023399578
LC,33248.95183766941,68460.79774095763,37847.8960498682,159810.7464224369
LC,35121.836596947796,69128.63465050954,38083.462943149054,156340.7478548538
LC,37100.21933819748,66423.52026399021,37624.34170799496,158726.80368069094
LC,39190.04267168593,67531.5886739563,37626.138521678935,157402.78421495046
LC,41397.583949787615,69570.08933807518,38256.026439186644,156998.2106785831
LC,43729.47412271824,68344.34237957506,38534.4165719282,156609.1635791906
LC,46192.71765639585,69496.46245702123,38639.02682100371,153826.86078444708
LC,48794.713572258006,69308.823550737,39198.87030064851,151614.52384016925
LC,51543.27767223361,70517.36136439299,39959.17274472383,150156.0472678539
LC,54446.666015628194,70279.70513798865,40960.24735368602,147292.0704749489
LC,57513.599718442274,71456.99013737221,42051.47636463271,143382.68983635714
LC,60753.29114961297,72649.81790714162,42522.551539092965,143353.97525297498
LC,64175.47160286867,73600.40903656429,43534.721179446744,142340.9477452736
LC,67790.42052731394,74633.53524450467,43375.33021872589,142768.83275553086
LC,71608.99640454912,73865.46491792348,44466.85673259003,139421.96943194274
LC,75642.66936507098,74672.40033124648,45011.573773419885,143386.59061532613
LC,79903.5556419271,74326.81615551905,45478.39742295255,133598.225051283
LC,84404.45396511474,76702.96305376674,45737.69364895396,129764.43347290443
LC,89158.88400604555,76846.66529064889,47906.31102973453,127631.58248541928
LC,94181.12698755217,77662.980755241,47840.267107877204,127156.39064433635
LC,99486.26858142363,78861.13739041908,49136.291790990785,127096.57982325606
LC,105090.24422231964,80919.32831392689,50268.932241913695,128860.7232442976
LC,111009.88697418036,84248.11131952313,52136.49847330492,131521.28824046467
LC,117262.97809290876,83208.59944645672,53553.30153045559,134851.42654102723
LC,123868.3004372055,85286.53881933751,54847.48503063348,137443.94273000286
LC,130845.69488798986,85953.88402577963,56903.252395839125,139673.47383122708
LC,138216.11994587895,86795.75904857044,55966.10543505547,139663.1179376892
LC,146001.71468573905,88282.28405202263,57973.15732383381,145296.77462138946
LC,154225.86525741612,92131.44183607982,59560.48782041372,146261.01482932258
LC,162913.27513239108,95888.78112844094,61237.23127381394,150420.94227685372
LC,172090.03930737174,97347.81891762337,64356.0933908845,149208.4847665723
LC,181783.72268770734,98712.23275387722,65831.90834600074,153580.13825364452
LC,192023.44288607375,102561.29766313557,67452.27023425722,150294.85483561413
LC,202839.95768513661,103278.02220099534,69921.57673114719,154538.86099883067
LC,214265.75742691258,105146.66915862,74233.59318351078,159326.72104415207
LC,226335.16260633973,109805.54847241344,78016.07720775879,165593.58008973068
LC,239084.4269622149,114621.18046078784,80800.93308419868,171462.07269552338
LC,252551.84637514898,119360.19739780811,82366.74773936746,173085.38880863498
LC,266777.87389965414,122130.10189356703,85074.0091934339,177918.16421670944
LC,281805.2412758877,126058.59355504095,88862.30852688507,182641.218760608
LC,297679.08728604735,130495.06565532993,93741.1855766338,185502.9498932616
LC,314447.093340972,136740.21730024388,96619.81830947996,192090.45519098913
LC,332159.62670421787,144255.3881791086,101704.87042232927,201723.673351633
LC,350869.8917838262,152614.15044817288,105434.1653803905,211364.14607609628
LC,370634.08994621935,157987.2425301657,112192.83704831866,222035.87662985898
LC,391511.5883322841,164175.27460203238,117444.17656130392,229435.9321982523
LC,413565.09818271094,168523.304472847,119538.1476053901,245443.0849143056
LC,436860.8632082517,178090.78094003917,122362.68004599342,268118.13173874293
LC,461468.85857070895,187451.81213213174,126923.12417509222,276777.07213734323
LC,487463.00107235287,192572.94994183484,133683.60696089256,309020.45027132577
LC,514921.37118512567,198046.5228047556,142865.00553077465,330597.1712664013
LC,543926.4475865641,205534.7886323675,148753.94262314416,345927.9950878225
LC,574565.3549069184,217272.9598769405,154600.47912994854,358826.54106782575
LC,606930.1254316657,233841.02273664053,160194.50559262847,441867.65161627333
LC,641117.9755454864,244882.47665153397,167577.22273619717,502491.0712651488
LC,677231.5977481019,255345.49503592716,170584.42223056193,586716.6419996172
LC,715379.4691191075,266402.04063963133,177406.44114337233,701165.4650551891
LC,755676.1771583632,289216.2674891012,189849.2941207735,767513.0744258097
LC,798242.7639806941,304435.01407146174,201646.93665579834,829485.7894065896
LC,843207.0898987766,327097.76554990455,213258.11129339354,1058122.6787433736
LC,890704.2174863509,344751.31775375403,226477.87429520887,1198279.2709668917
LC,940876.8172753522,391368.5558340326,241745.47123202635,1316900.0666445596
LC,993875.5963056412,487500.8361720497,257532.9803050523,1484510.9835256394
LC,1049859.7508145561,536343.8431503036,276449.4554550054,1581627.8113434347
LC,1108997.4444260793,597731.4137897415,309926.8813416113,1696798.988707803
LC,1171466.3132759875,688636.6615940381,332736.28977518226,1849636.5352385517
LC,1237453.9995902644,800232.7506139997,352940.4816258973,2008586.7081774587
LC,1307158.7153195224,932261.85370947,376801.331777071,2074731.8409095625
LC,1380789.8375224848,1012882.100005703,419825.85623483383,2159793.274599145
LC,1458568.5372868625,1105537.360253168,458108.28763703164,2380727.9697057647
LC,1540728.444076845,1193245.0327791646,472167.9514925288,2411163.6878748606
LC,1627516.3475026898,1223211.6645464331,525787.2349375101,2489110.1431238335
LC,1719192.9386203927,1404943.2929763373,579191.0253031077,2538103.2754222774
LC,1816033.592988126,1523275.6519619792,703881.2526395407,2597385.7312614853
LC,1918329.197831573,1629825.8123663035,756388.6871024118,2705225.1423624735
LC,2026387.0258027695,1744431.9911382855,817015.9503946574,2739726.02739726
LC,2140531.6579570216,1857734.6783332406,1031690.5011952994,2804360.7810144774
LC,2261105.9587203506,1991535.9721184964,1047839.0938287517,2903031.4906340945
LC,2388472.1057759426,2056766.7626491159,1075118.531818133,2938281.3992096027
LC,2523012.677963281,2093418.8146015962,1185164.115600908,3021650.1231322424
LC,2665131.80445767,2236485.498444773,1376547.755883021,3131556.6968339966
LC,2815256.378682045,2388615.856826366,1445541.047944983,3191905.328087969
LC,2973837.340597398,2458467.268581403,1516852.2282559234,3241739.467183998
LC,3141351.0312235095,2489110.1431238335,1545634.1124587464,3381471.4090997567
LC,3318300.6234586537,2491839.2265331047,1620804.648467732,3437873.3315570992
LC,3505217.633496204,2536702.9203792377,1696798.988707803,3467195.9919214337
LC,3702663.5173779097,2554082.701197865,1774559.9091425326,3488149.0137258666
LC,3911231.357479761,2567015.1389717823,1788540.8189728411,3505881.1155713713
LC,4131547.6439960888,2610250.453531016,1839427.2023691824,3612879.916903762
LC,4364274.156773136,2651535.2389033255,1879522.6012592805,3618403.1986684273
LC,4610109.953144691,2674529.7842323096,1918253.6219026202,3646441.0735122524
LC,4869793.467740785,2705225.1423624735,1918253.6219026202,3760847.6950704693
LC,5144104.730576789,2719534.415708031,1955416.5037152916,3760847.6950704693
LC,5433867.710085632,2724814.20173162,1955416.5037152916,3808725.7907866924
LC,5739952.7881308375,2724814.20173162,1955416.5037152916,3819272.04674789
LC,6063279.374435077,2724814.20173162,1955416.5037152916,3819272.04674789
LC,6404818.668277143,2724814.20173162,1955416.5037152916,3819272.04674789
LC,6765596.57575294,2724814.20173162,1955416.5037152916,3819272.04674789
LC,7146696.791363283,2724814.20173162,1955416.5037152916,3819272.04674789
LC,7549264.0531848585,2724814.20173162,1955416.5037152916,3906440.7441769624
LC,7974507.581402173,2724814.20173162,1955416.5037152916,3906440.7441769624
LC,8423704.710528996,2724814.20173162,1955416.5037152916,3906440.7441769624
LC,8898204.726229856,2724814.20173162,1955416.5037152916,3906440.7441769624
LC,9399432.918266088,2724814.20173162,1955416.5037152916,3906440.7441769624
LC,9928894.861741118,2724814.20173162,1955416.5037152916,3906440.7441769624
LC,10488180.939504461,2724814.20173162,1955416.5037152916,3906440.7441769624
LC,11078971.119298859,2724814.20173162,1955416.5037152916,3906440.7441769624
LC,11703039.999999993,2724814.20173162,1955416.5037152916,3906440.7441769624
NT,214.90480000000002,84027.9645065878,24468.722855010583,185564.0451106194
NT,227.01020189600104,84027.9645065878,24468.722855010583,185564.0451106194
NT,239.79749063242468,84027.9645065878,24468.722855010583,185564.0451106194
NT,253.30507630644425,84027.9645065878,24468.722855010583,185564.0451106194
NT,267.57353262285346,84027.9645065878,24468.722855010583,185564.0451106194
NT,282.6457187682182,84027.9645065878,24468.722855010583,185564.0451106194
NT,298.5669081500901,84027.9645065878,24468.722855010583,185564.0451106194
NT,315.3849243879929,84027.9645065878,24468.722855010583,185564.0451106194
NT,333.1502849646598,84027.9645065878,24468.722855010583,185564.0451106194
NT,351.91635296902484,84027.9645065878,24468.722855010583,185564.0451106194
NT,371.739497386762,84027.9645065878,24468.722855010583,185564.0451106194
NT,392.67926241985657,84027.9645065878,24468.722855010583,185564.0451106194
NT,414.79854634379654,84027.9645065878,24468.722855010583,185564.0451106194
NT,438.1637904396411,84027.9645065878,24468.722855010583,185564.0451106194
NT,462.8451785684634,84027.9645065878,24468.722855010583,185564.0451106194
NT,488.91684798765556,84027.9645065878,24468.722855010583,185564.0451106194
NT,516.4571120423277,84027.9645065878,24468.722855010583,185564.0451106194
NT,545.5486954007282,84027.9645065878,24468.722855010583,185564.0451106194
NT,576.2789825402651,84027.9645065878,24468.722855010583,185564.0451106194
NT,608.7402802305376,84027.9645065878,24468.722855010583,185564.0451106194
NT,643.0300948018026,84027.9645065878,24468.722855010583,185564.0451106194
NT,679.2514250317438,84027.9645065878,24468.722855010583,185564.0451106194
NT,717.5130715302888,84027.9645065878,24468.722855010583,185564.0451106194
NT,757.9299635518178,84027.9645065878,24468.722855010583,185564.0451106194
NT,800.6235042164104,84027.9645065878,24468.722855010583,185564.0451106194
NT,845.7219351771156,84027.9645065878,24468.722855010583,185564.0451106194
NT,893.3607218286121,84027.9645065878,24468.722855010583,185564.0451106194
NT,943.6829602143388,84027.9645065878,24468.722855010583,185564.0451106194
NT,996.8398068543511,84027.9645065878,24468.722855010583,174561.68712433949
NT,1052.9909327850132,84027.9645065878,24468.722855010583,172686.96601952225
NT,1112.3050031743546,84027.9645065878,24468.722855010583,172686.96601952225
NT,1174.9601839537427,84027.9645065878,24468.722855010583,172686.96601952225
NT,1241.1446769876784,84027.9645065878,24468.722855010583,172686.96601952225
NT,1311.0572853892495,84027.9645065878,24468.722855010583,171342.89997858214
NT,1384.908010679316,80846.07249883201,24468.722855010583,171342.89997858214
NT,1462.9186835831524,62007.06923478225,24468.722855010583,171342.89997858214
NT,1545.3236303593194,52854.15852640969,24468.722855010583,171342.89997858214
NT,1632.370376662271,50680.64100874749,21085.732702389825,171342.89997858214
NT,1724.3203910529362,44188.994830968644,16178.732568083466,103751.85385794853
NT,1821.4498703906029,42588.44021967118,14749.634388524364,103737.9372229873
NT,1924.05056946525,42588.44021967118,14170.076341286289,103737.9372229873
NT,2032.4306773623564,42588.44021967118,14170.076341286289,103737.9372229873
NT,2146.915743192587,38249.675397658,14170.076341286289,103737.9372229873
NT,2267.8496539670227,38140.78801043121,14170.076341286289,103737.9372229873
NT,2395.5956675552607,38025.7670906645,10966.232715398563,103737.9372229873
NT,2530.5375038291586,37904.267141763856,7119.431270679162,103737.9372229873
NT,2673.0804972697642,37775.923205610314,7334.292755578236,97899.39660576743
NT,2823.6528144995923,37640.349766309075,8997.071595177043,93956.704750451
NT,2982.706740397441,37497.139592187756,10753.513331637669,93956.704750451
NT,3150.7200366589586,37345.86251256532,12608.893915098293,93956.704750451
NT,3328.197376883745,37186.06412561758,14170.076341286289,93956.704750451
NT,3515.671862499668,34317.76789979394,14170.076341286289,93956.704750451
NT,3713.706624077915,34454.06300321388,14170.076341286289,93956.704750451
NT,3922.896512848684,35928.362830729355,14170.076341286289,93956.704750451
NT,4143.869887498541,33750.904157378005,14170.076341286289,84027.9645065878
NT,4377.290501616543,34895.0415786724,14170.076341286289,84027.9645065878
NT,4623.859497458498,34424.90557069144,14896.022203441069,84027.9645065878
NT,4884.317512018323,36462.07478845032,16403.513526014976,80128.99204064853
NT,5159.446901732548,37323.31425394897,16829.986781412055,73425.07616039336
NT,5450.074092500496,34102.31055471349,17208.89004211741,67940.61620003493
NT,5757.072062079125,33592.750694955495,17609.13659646044,76855.90809598003
NT,6081.362962308935,33054.487768107145,18031.92869374999,86273.39068948319
NT,6423.920889047669,32485.904955173355,18478.53630496077,92977.78000137134
NT,6785.774808132018,31885.294363140514,18964.950765645048,87185.84428858077
NT,7168.011646156097,30802.268455057223,20011.055227862307,73916.8307745044
NT,7571.779555350939,30805.14536702959,21116.08585152566,63344.87541796695
NT,7998.291362371754,29872.741100391977,21075.8758808379,63822.2235202204
NT,8448.82821135242,29872.04353968222,19887.35468231949,64086.342817951656
NT,8924.743412170143,30229.008976981786,18631.885110521416,63561.11317615481
NT,9427.466505479399,30606.08196926148,17305.696021361164,63006.29780197021
NT,9958.50755672587,31004.395157738138,17862.378532780232,62420.23015662843
NT,10519.461692038481,30585.599689048584,19220.656999663708,61801.149826669505
NT,11112.013889624168,29940.489798298142,20655.44612023341,61147.19723606279
NT,11737.944041057948,29259.041424207073,20913.743565375335,60529.88858113774
NT,12399.132297671,29504.828579550605,20892.3192243503,60627.241221499506
NT,13097.564718096202,30873.192914441286,20920.79538112211,60730.077652066124
NT,13835.339233934994,32165.518519924502,20950.875575226622,60838.70677000668
NT,14614.67195146524,31869.018442737663,20982.65016070231,62832.10005115471
NT,15437.903808318573,31555.81677211717,21055.243918748667,65035.07464589219
NT,16307.507605123023,31224.97272172032,19847.170380245316,67362.14089812635
NT,17226.095433231596,31065.268005185593,20448.381697204728,69820.28878381828
NT,18196.426520848698,31858.902463781375,21063.52153910417,70575.52917392367
NT,19221.41552112196,32697.241666430415,21713.31167736012,70715.7296715179
NT,20304.14126709512,33582.803792779814,21953.497503142924,70946.84188712985
NT,21447.85601981985,34518.24886936266,21943.50723713651,71324.91803093601
NT,22655.99523740589,34981.93895924504,22575.81852128895,71724.29087759882
NT,23932.187894352937,35321.41930185782,23770.12588482367,70189.53298542004
NT,25280.2673821622,35680.02227915871,24123.20025954136,66735.35183281434
NT,26704.283023969358,36058.82505265461,24352.915467925977,63075.54072900159
NT,28208.51223778732,36199.56150687153,24595.57033572778,65352.23756165916
NT,29797.47338489375,36070.80587726681,24714.449680662434,69037.35484962129
NT,31475.939341957215,35934.79755417765,23938.797767266748,69660.97118051504
NT,33248.95183766941,36242.24529466638,24031.51900545154,68155.28083967407
NT,35121.836596947796,37217.30221567033,24079.99400088032,66875.82189570354
NT,37100.21933819748,38247.28325144614,23234.017998124687,67048.35911695292
NT,39190.04267168593,39209.17070303197,22349.135699504975,67803.54811524732
NT,41397.583949787615,38303.094974801745,22602.873158953094,68858.55301228337
NT,43729.47412271824,37204.5661538861,23181.28259019222,69951.98073930014
NT,46192.71765639585,37734.73649149687,23962.102399100066,70932.48496165016
NT,48794.713572258006,38187.179330592924,24346.98617829883,71968.22014055525
NT,51543.27767223361,38231.32243150544,24961.166074921435,73062.29738812735
NT,54446.666015628194,38277.95207519169,25257.128041838907,74040.05955750609
NT,57513.599718442274,38327.20832645995,25213.29819423246,75007.19095666106
NT,60753.29114961297,38151.829070222484,25289.052748922535,76028.80003278279
NT,64175.47160286867,37876.884921339646,26057.765142970584,76948.20149331786
NT,67790.42052731394,37586.453405859225,27448.773866459054,77716.17492835554
NT,71608.99640454912,37324.304321756346,28641.18755290948,78527.40764413791
NT,75642.66936507098,37420.94651063757,28425.06316929608,79279.51878474985
NT,79903.5556419271,38866.09786375194,28193.02927858201,79709.04236175689
NT,84404.45396511474,40696.24350607292,30611.985709628545,80162.7606311276
NT,89158.88400604555,42005.19837942974,31979.01812736353,80602.64168366774
NT,94181.12698755217,43911.58279483365,34460.38530178458,80497.67000293457
NT,99486.26858142363,52121.01183502307,35383.86962848614,78467.302181902
NT,105090.24422231964,53218.59577237932,36056.35590346536,76467.2151885125
NT,111009.88697418036,54205.29961499787,37479.15491573894,78234.45210326997
NT,117262.97809290876,55247.58363343021,39276.53039712705,76834.44073450437
NT,123868.3004372055,58499.505936213485,40169.70833210202,75675.80447816098
NT,130845.69488798986,65703.26447404448,41038.43184610214,75643.20580344097
NT,138216.11994587895,62099.84126482163,44374.507809180155,74665.91443848706
NT,146001.71468573905,62463.70976400687,50301.54061347312,79237.63523076008
NT,154225.86525741612,63072.70573693803,54681.34176370277,81254.78149687123
NT,162913.27513239108,66221.44097187305,58573.452379541595,83513.69293945635
NT,172090.03930737174,70971.4726020733,61647.31646561423,90452.8587627931
NT,181783.72268770734,76344.18895290283,65399.32465299117,100716.40705913262
NT,192023.44288607375,84123.12960855137,63693.77261333095,117842.85293453041
NT,202839.95768513661,89886.3217528114,62461.1267912681,115056.28241364486
NT,214265.75742691258,93663.93123966153,62012.90755276646,117436.56201391475
NT,226335.16260633973,91558.58081668762,62479.17016174802,120602.53940595454
NT,239084.4269622149,97053.28078001797,62971.696941054324,136639.02942758397
NT,252551.84637514898,92043.52813107839,63491.96732873068,125961.25430089355
NT,266777.87389965414,87895.14674037418,64614.34555707658,129385.55063545043
NT,281805.2412758877,116649.51703854483,65824.78448098566,182803.84604688548
NT,297679.08728604735,131182.06293724917,67103.40638472806,261113.691225744
NT,314447.093340972,140877.0888238626,82917.98727245751,364028.9615889586
NT,332159.62670421787,147769.32475087474,91738.36174578196,556833.3237696233
NT,350869.8917838262,152923.88372514083,91788.07687248831,489087.5246606018
NT,370634.08994621935,155976.02138191136,81423.75550386045,599779.6143644177
NT,391511.5883322841,161530.27975307524,81779.68218313328,716842.628451875
NT,413565.09818271094,167572.1434749318,86981.49755633669,846561.7411117277
NT,436860.8632082517,241170.88769531064,117931.19716995227,990319.6256591816
NT,461468.85857070895,364508.07252283674,133117.4443430106,1457933.6702760167
NT,487463.00107235287,407301.4529883834,161826.33023405337,1886164.6843690148
NT,514921.37118512567,328350.90157327586,182890.41731134022,1888939.7853219938
NT,543926.4475865641,359223.12323075044,190329.78372361933,1888939.7853219938
NT,574565.3549069184,391834.3504878484,198196.71556442798,1888939.7853219938
NT,606930.1254316657,443863.908060238,206533.58641849342,1888939.7853219938
NT,641117.9755454864,427323.0348481935,233947.70698338214,1888939.7853219938
NT,677231.5977481019,442673.5184407698,241248.70328821984,1888939.7853219938
NT,715379.4691191075,427323.0348481935,241248.70328821984,1888939.7853219938
NT,755676.1771583632,667302.2358300549,309683.17174341786,1888939.7853219938
NT,798242.7639806941,990319.6256591816,297536.130670357,2065955.6336027686
NT,843207.0898987766,990319.6256591816,337772.7094069842,2317174.9003614797
NT,890704.2174863509,990319.6256591816,335081.3409955267,2317174.9003614797
NT,940876.8172753522,990319.6256591816,335703.0725372758,2317174.9003614797
NT,993875.5963056412,990319.6256591816,399663.669906607,2317174.9003614797
NT,1049859.7508145561,1669497.8567821265,526137.0012692665,2317174.9003614797
NT,1108997.4444260793,1734905.7895053066,729461.4249995989,2508025.682182986
NT,1171466.3132759875,1709423.6250892107,818238.5369894959,2508025.682182986
NT,1237453.9995902644,1709423.6250892107,680441.8315127157,2508025.682182986
NT,1307158.7153195224,1709423.6250892107,760791.0001815592,2508025.682182986
NT,1380789.8375224848,1888939.7853219938,802787.3924021829,2508025.682182986
NT,1458568.5372868625,1888939.7853219938,818238.5369894959,2687251.0093986606
NT,1540728.444076845,1888939.7853219938,874655.9575114861,2687251.0093986606
NT,1627516.3475026898,1945294.9266278187,1204682.1594757624,2687251.0093986606
NT,1719192.9386203927,2065955.6336027686,1545868.5189440993,3249012.3878451874
NT,1816033.592988126,2249896.3252112847,1669497.8567821265,3371089.53613808
NT,1918329.197831573,2317174.9003614797,1669497.8567821265,3371089.53613808
NT,2026387.0258027695,2508025.682182986,1709423.6250892107,3371089.53613808
NT,2140531.6579570216,2508025.682182986,1709423.6250892107,3502350.9530772534
NT,2261105.9587203506,2646307.7391269836,1888939.7853219938,3502350.9530772534
NT,2388472.1057759426,2646307.7391269836,1888939.7853219938,3602078.39923636
NT,2523012.677963281,2646307.7391269836,1888939.7853219938,3602078.39923636
NT,2665131.80445767,2646307.7391269836,1888939.7853219938,3602078.39923636
NT,2815256.378682045,2646307.7391269836,1888939.7853219938,3602078.39923636
NT,2973837.340597398,2646307.7391269836,1888939.7853219938,3602078.39923636
NT,3141351.0312235095,2646307.7391269836,1888939.7853219938,3602078.39923636
NT,3318300.6234586537,2646307.7391269836,1888939.7853219938,3602078.39923636
NT,3505217.633496204,2646307.7391269836,1888939.7853219938,3602078.39923636
NT,3702663.5173779097,2646307.7391269836,1888939.7853219938,3602078.39923636
NT,3911231.357479761,2646307.7391269836,1888939.7853219938,3602078.39923636
NT,4131547.6439960888,2646307.7391269836,1888939.7853219938,3602078.39923636
NT,4364274.156773136,2646307.7391269836,1888939.7853219938,3602078.39923636
NT,4610109.953144691,2646307.7391269836,1888939.7853219938,3602078.39923636
NT,4869793.467740785,2646307.7391269836,1888939.7853219938,3602078.39923636
NT,5144104.730576789,2646307.7391269836,1888939.7853219938,3602078.39923636
NT,5433867.710085632,2646307.7391269836,1888939.7853219938,3602078.39923636
NT,5739952.7881308375,2646307.7391269836,1888939.7853219938,3602078.39923636
NT,6063279.374435077,2646307.7391269836,1888939.7853219938,3602078.39923636
NT,6404818.668277143,2646307.7391269836,1888939.7853219938,3602078.39923636
NT,6765596.57575294,2646307.7391269836,1888939.7853219938,3602078.39923636
NT,7146696.791363283,2646307.7391269836,1888939.7853219938,3602078.39923636
NT,7549264.0531848585,2646307.7391269836,1888939.7853219938,3602078.39923636
NT,7974507.581402173,2646307.7391269836,1888939.7853219938,3602078.39923636
NT,8423704.710528996,2646307.7391269836,1888939.7853219938,3602078.39923636
NT,8898204.726229856,2646307.7391269836,1888939.7853219938,3602078.39923636
NT,9399432.918266088,2646307.7391269836,1888939.7853219938,3602078.39923636
NT,9928894.861741118,2646307.7391269836,1888939.7853219938,3602078.39923636
NT,10488180.939504461,2646307.7391269836,1888939.7853219938,3602078.39923636
NT,11078971.119298859,2646307.7391269836,1888939.7853219938,3602078.39923636
NT,11703039.999999993,2646307.7391269836,1888939.7853219938,3602078.39923636
VU,214.90480000000002,20944.985652257696,11076.3223149625,129367.49339144418
VU,227.01020189600104,20944.985652257696,11076.3223149625,129367.49339144418
VU,239.79749063242468,20944.985652257696,11076.3223149625,129367.49339144418
VU,253.30507630644425,20944.985652257696,11076.3223149625,129367.49339144418
VU,267.57353262285346,20944.985652257696,11076.3223149625,129367.49339144418
VU,282.6457187682182,20944.985652257696,11076.3223149625,129367.49339144418
VU,298.5669081500901,20944.985652257696,11076.3223149625,129367.49339144418
VU,315.3849243879929,20944.985652257696,11076.3223149625,129367.49339144418
VU,333.1502849646598,20944.985652257696,11076.3223149625,129367.49339144418
VU,351.91635296902484,20944.985652257696,11076.3223149625,129367.49339144418
VU,371.739497386762,20944.985652257696,11076.3223149625,129367.49339144418
VU,392.67926241985657,20944.985652257696,11076.3223149625,129367.49339144418
VU,414.79854634379654,20944.985652257696,11076.3223149625,129367.49339144418
VU,438.1637904396411,20944.985652257696,11076.3223149625,129367.49339144418
VU,462.8451785684634,20944.985652257696,11076.3223149625,129367.49339144418
VU,488.91684798765556,20944.985652257696,11076.3223149625,129367.49339144418
VU,516.4571120423277,20944.985652257696,11076.3223149625,129367.49339144418
VU,545.5486954007282,20944.985652257696,11076.3223149625,129367.49339144418
VU,576.2789825402651,20944.985652257696,11076.3223149625,129367.49339144418
VU,608.7402802305376,20944.985652257696,11076.3223149625,129367.49339144418
VU,643.0300948018026,20944.985652257696,11076.3223149625,129367.49339144418
VU,679.2514250317438,20944.985652257696,11076.3223149625,129367.49339144418
VU,717.5130715302888,20944.985652257696,11076.3223149625,129367.49339144418
VU,757.9299635518178,20944.985652257696,11076.3223149625,129367.49339144418
VU,800.6235042164104,20944.985652257696,11076.3223149625,129367.49339144418
VU,845.7219351771156,20944.985652257696,11076.3223149625,129367.49339144418
VU,893.3607218286121,20944.985652257696,11076.3223149625,129367.49339144418
VU,943.6829602143388,20944.985652257696,11076.3223149625,129367.49339144418
VU,996.8398068543511,20944.985652257696,11076.3223149625,129367.49339144418
VU,1052.9909327850132,20944.985652257696,11076.3223149625,129317.62862208641
VU,1112.3050031743546,20944.985652257696,11076.3223149625,120829.78025337448
VU,1174.9601839537427,20944.985652257696,11076.3223149625,113336.446615168
VU,1241.1446769876784,20944.985652257696,11076.3223149625,113336.446615168
VU,1311.0572853892495,20944.985652257696,11076.3223149625,113336.446615168
VU,1384.908010679316,20944.985652257696,11076.3223149625,107308.4114959923
VU,1462.9186835831524,20944.985652257696,11076.3223149625,100984.98804081668
VU,1545.3236303593194,20944.985652257696,11076.3223149625,85589.64349373116
VU,1632.370376662271,18977.813848755835,9490.101815587459,82343.26015369946
VU,1724.3203910529362,18977.813848755835,9490.101815587459,82343.26015369946
VU,1821.4498703906029,18977.813848755835,9593.890132207263,82343.26015369946
VU,1924.05056946525,18977.813848755835,10312.201517705686,82343.26015369946
VU,2032.4306773623564,18977.813848755835,10796.222761050538,82343.26015369946
VU,2146.915743192587,18977.813848755835,11150.156262818571,82343.26015369946
VU,2267.8496539670227,18977.813848755835,10609.268530650366,82343.26015369946
VU,2395.5956675552607,18977.813848755835,10294.541087757301,82343.26015369946
VU,2530.5375038291586,18977.813848755835,11031.903579510423,82343.26015369946
VU,2673.0804972697642,19183.08548426049,11227.2452331621,82343.26015369946
VU,2823.6528144995923,19179.550169867725,12172.464059229931,82343.26015369946
VU,2982.706740397441,18977.813848755835,13581.372258506339,82343.26015369946
VU,3150.7200366589586,19354.735894661673,14982.694733398614,82343.26015369946
VU,3328.197376883745,19675.680737146286,14342.237570322846,82343.26015369946
VU,3515.671862499668,20810.210699765725,13913.078339443333,82343.26015369946
VU,3713.706624077915,22642.535192455456,13650.83164371108,82343.26015369946
VU,3922.896512848684,24340.887388347048,14123.354503548058,82153.93921747888
VU,4143.869887498541,25196.79755446792,15470.269227908158,78534.0881280669
VU,4377.290501616543,27219.397857184093,16070.967477452396,73313.6422049617
VU,4623.859497458498,27776.339272248806,15929.437126869814,69391.58977935786
VU,4884.317512018323,29333.462542087356,15685.938412032267,77606.6719963897
VU,5159.446901732548,30334.45950368967,16279.906825728303,82007.90667248526
VU,5450.074092500496,30789.267827344444,16915.932999119614,82758.66391226658
VU,5757.072062079125,30294.62506559839,17587.785977893036,82595.23132681506
VU,6081.362962308935,29446.913109792906,18220.190029504927,82422.59272488653
VU,6423.920889047669,28275.95775536725,18168.31082165244,82240.2295395187
VU,6785.774808132018,29243.256092852862,17556.617602503757,82047.59399331985
VU,7168.011646156097,30147.632691022336,16703.74574537942,81542.85407874128
VU,7571.779555350939,29975.274623343204,16084.663932011874,83530.34228378568
VU,7998.291362371754,29719.28418194841,16192.101070435898,85629.78398398527
VU,8448.82821135242,29427.352363407783,16434.489318631775,87847.48542309308
VU,8924.743412170143,29958.473625393533,16236.461263245748,90190.10807012997
VU,9427.466505479399,32172.5558369079,15924.604089138053,92664.68862891686
VU,9958.50755672587,34604.19026508746,15120.209022789326,95278.66017472745
VU,10519.461692038481,36239.259212668316,14413.216130951581,97268.40648472788
VU,11112.013889624168,36879.039221958286,14069.003857367554,97580.35044784252
VU,11737.944041057948,37372.9234319158,14124.389266548558,98349.5727172517
VU,12399.132297671,38026.71141800964,14126.945701545568,99162.12461316786
VU,13097.564718096202,38291.50801513837,14140.908705031427,99718.34254577942
VU,13835.339233934994,38310.309154601506,14281.99863318339,98772.82726950795
VU,14614.67195146524,38330.16934602301,14504.856741638814,97765.98662744754
VU,15437.903808318573,37206.8425591674,14830.93868889346,97081.73494992727
VU,16307.507605123023,35668.38565601493,15223.07403142842,91161.75168098955
VU,17226.095433231596,34243.17253426353,16180.280837800066,91334.25443669237
VU,18196.426520848698,33369.064118768765,17119.55384748093,92702.04087021848
VU,19221.41552112196,33071.320810490535,16591.668036128387,93236.41869187469
VU,20304.14126709512,33000.39965161102,15812.74621298225,94906.19390376663
VU,21447.85601981985,34149.77812290887,15130.70838960769,97764.26767374358
VU,22655.99523740589,35363.90009144682,14711.54832994984,100783.3342723312
VU,23932.187894352937,36646.41250254307,14845.003690025882,102254.42502795809
VU,25280.2673821622,38256.017384290215,15135.719998235907,100050.62407860589
VU,26704.283023969358,40438.497320069204,15507.89945824615,98509.2425935125
VU,28208.51223778732,41464.768002860044,16013.270529158139,97865.14092724468
VU,29797.47338489375,42417.60423918192,16537.43227931058,96205.5408772929
VU,31475.939341957215,43302.52847115566,17091.119608436158,93326.98166901588
VU,33248.95183766941,44052.9375881807,17038.197648372672,90377.60264494833
VU,35121.836596947796,44718.52746433632,16916.62488823998,87859.748332967
VU,37100.21933819748,45075.26843794271,16556.04901945856,84862.9881491029
VU,39190.04267168593,44755.37845092048,16710.595234219847,81716.00905771067
VU,41397.583949787615,44826.610474196976,17187.85607140859,78855.06181573588
VU,43729.47412271824,45608.80184276939,17693.47573589725,75703.25805171755
VU,46192.71765639585,45217.03351731716,18227.576519677594,74233.78411888363
VU,48794.713572258006,43991.781545627324,18913.488805171324,72800.36175927137
VU,51543.27767223361,42294.775630752585,19843.201592266094,71559.64972783232
VU,54446.666015628194,41366.31800481552,21737.277125933877,70597.65988445282
VU,57513.599718442274,41634.06236551281,22246.899059479954,70525.88499417636
VU,60753.29114961297,42040.485119818506,23969.21673705145,71433.56844804928
VU,64175.47160286867,42472.5398064391,25795.138831005934,71441.76187310801
VU,67790.42052731394,44316.901346245955,27820.58383814468,71380.89901554148
VU,71608.99640454912,46500.038876160135,28382.577248488644,70595.38897555933
VU,75642.66936507098,47518.002372229064,29485.72452473415,68974.09774879651
VU,79903.5556419271,48593.30687340989,31273.643748968047,68272.20265967213
VU,84404.45396511474,48342.65622789397,32817.20216820361,70729.4992328697
VU,89158.88400604555,49207.13104801641,35123.98950105352,73345.84213062089
VU,94181.12698755217,50463.79484961102,38219.33354164529,75526.63682601463
VU,99486.26858142363,53485.15466289745,41330.671667933944,77687.61929492289
VU,105090.24422231964,52115.9498879741,45054.7694124745,79907.83283882272
VU,111009.88697418036,56342.833969310275,48434.67511718195,81716.99101086614
VU,117262.97809290876,60450.666552357376,48437.87808452131,82571.9698490884
VU,123868.3004372055,63703.597636190876,47496.576004002294,85505.69719872107
VU,130845.69488798986,68527.22404477341,46671.2701794553,88760.82173998529
VU,138216.11994587895,71646.63763941792,47160.78236462019,93386.22595043009
VU,146001.71468573905,72464.00267922832,51856.42997130147,98223.60585678054
VU,154225.86525741612,78289.9787033456,60661.90435073109,102890.47181612032
VU,162913.27513239108,88427.38037897821,64802.09160773147,108078.5643804881
VU,172090.03930737174,92858.45849664361,72185.25625293386,127496.49967646795
VU,181783.72268770734,94498.36436546614,77598.82838553458,141955.5615290131
VU,192023.44288607375,99266.83186868342,80133.12542674963,150136.90867294802
VU,202839.95768513661,103568.86280734165,84277.19411848554,157727.54240186236
VU,214265.75742691258,112694.66407955652,84180.929455016,154282.08258803122
VU,226335.16260633973,113228.8949680614,84877.03064886086,172866.218040277
VU,239084.4269622149,118062.51861475073,80409.93569045018,190220.1243288062
VU,252551.84637514898,130323.22731143984,81532.11458244684,190459.90913234768
VU,266777.87389965414,133534.1128222995,84615.37945315111,193580.29207583264
VU,281805.2412758877,145533.3769101935,100453.84770962018,198131.1574369262
VU,297679.08728604735,152674.358094414,110094.56936791363,269476.89624622976
VU,314447.093340972,152767.58255402237,119389.50006719766,388315.3437160672
VU,332159.62670421787,154920.82709912347,124182.82322706614,411813.26582211675
VU,350869.8917838262,158378.8448866962,127045.8454507303,472182.03475753055
VU,370634.08994621935,158333.40091783422,123524.37497741442,487838.5904361661
VU,391511.5883322841,163980.28328719793,125304.48418006764,504377.06638273934
VU,413565.09818271094,172972.05163439875,124253.92918078123,522049.26863214234
VU,436860.8632082517,187368.29619556878,129864.73750787637,540966.485531715
VU,461468.85857070895,193846.67847375185,127633.91125949066,1103071.1969861458
VU,487463.00107235287,213907.2650747825,156122.6331820293,755072.905686669
VU,514921.37118512567,211462.1927666391,166375.42497834633,971659.4143657467
VU,543926.4475865641,227301.8383512424,174966.41009045267,1288929.8957234195
VU,574565.3549069184,262985.9033716195,173894.57182080863,1387975.4692384356
VU,606930.1254316657,292488.18531019276,180438.21812114748,1298078.3308608776
VU,641117.9755454864,313236.42639767623,195573.82662282774,1092597.0816540676
VU,677231.5977481019,314134.95600628364,219604.21668165128,1186613.3382851733
VU,715379.4691191075,340061.0733591997,209556.60940263688,1193544.2899605818
VU,755676.1771583632,351772.50542176014,230951.3390835373,1329655.1804811682
VU,798242.7639806941,424694.9886727503,248241.73555287533,1498108.3586446089
VU,843207.0898987766,620375.6601304787,287671.53892301087,1548773.6133049428
VU,890704.2174863509,726677.7225187444,310336.6322254379,1765424.9222443094
VU,940876.8172753522,881720.5371822384,332325.6341237873,1737540.53831448
VU,993875.5963056412,881720.5371822384,322761.7473988889,1765424.9222443094
VU,1049859.7508145561,958751.8317970652,303941.4934808567,2024520.8429035232
VU,1108997.4444260793,986268.5845705473,289497.6694029739,2033742.2360564158
VU,1171466.3132759875,1008677.1022403091,316424.9660143121,2037817.3432424702
VU,1237453.9995902644,1074701.8265873732,437313.3547515547,2067714.378143195
VU,1307158.7153195224,1141999.9654583829,687940.3784420915,2741197.9751816606
VU,1380789.8375224848,1404139.6722599643,957551.0769853741,2769393.737093932
VU,1458568.5372868625,1776548.5169210895,1079341.0899726353,2842836.548241607
VU,1540728.444076845,1742474.925807966,1094632.4937442488,2931527.1622008737
VU,1627516.3475026898,1627828.1640545253,1094632.4937442488,2931527.1622008737
VU,1719192.9386203927,1617282.8513924717,1094632.4937442488,2931527.1622008737
VU,1816033.592988126,1617282.8513924717,1021758.7972569655,2931527.1622008737
VU,1918329.197831573,1617282.8513924717,1021758.7972569655,2931527.1622008737
VU,2026387.0258027695,1617282.8513924717,1021758.7972569655,2842836.548241607
VU,2140531.6579570216,1617282.8513924717,1021758.7972569655,2842836.548241607
VU,2261105.9587203506,1776548.5169210895,1094632.4937442488,2842836.548241607
VU,2388472.1057759426,1776548.5169210895,1094632.4937442488,2931527.1622008737
VU,2523012.677963281,1776548.5169210895,1094632.4937442488,2931527.1622008737
VU,2665131.80445767,1948710.2911623088,1142974.9072215473,2931527.1622008737
VU,2815256.378682045,1948710.2911623088,1142974.9072215473,3136841.4902626285
VU,2973837.340597398,1948710.2911623088,1165188.9498438197,3136841.4902626285
VU,3141351.0312235095,2109555.4457223485,1241759.3298504637,3295874.422114466
VU,3318300.6234586537,2429533.9203982223,1241759.3298504637,3295874.422114466
VU,3505217.633496204,2429533.9203982223,1241759.3298504637,3345869.770349051
VU,3702663.5173779097,2429533.9203982223,1241759.3298504637,3345869.770349051
VU,3911231.357479761,2429533.9203982223,1241759.3298504637,3345869.770349051
VU,4131547.6439960888,2429533.9203982223,1241759.3298504637,3345869.770349051
VU,4364274.156773136,2429533.9203982223,1241759.3298504637,3345869.770349051
VU,4610109.953144691,2429533.9203982223,1241759.3298504637,3345869.770349051
VU,4869793.467740785,2429533.9203982223,1241759.3298504637,3345869.770349051
VU,5144104.730576789,2429533.9203982223,1241759.3298504637,3345869.770349051
VU,5433867.710085632,2429533.9203982223,1241759.3298504637,3345869.770349051
VU,5739952.7881308375,2429533.9203982223,1241759.3298504637,3345869.770349051
VU,6063279.374435077,2429533.9203982223,1241759.3298504637,3345869.770349051
VU,6404818.668277143,2429533.9203982223,1241759.3298504637,3345869.770349051
VU,6765596.57575294,2429533.9203982223,1241759.3298504637,3345869.770349051
VU,7146696.791363283,2429533.9203982223,1241759.3298504637,3345869.770349051
VU,7549264.0531848585,2429533.9203982223,1241759.3298504637,3345869.770349051
VU,7974507.581402173,2429533.9203982223,1241759.3298504637,3345869.770349051
VU,8423704.710528996,2429533.9203982223,1241759.3298504637,3345869.770349051
VU,8898204.726229856,2429533.9203982223,1241759.3298504637,3345869.770349051
VU,9399432.918266088,2429533.9203982223,1241759.3298504637,3345869.770349051
VU,9928894.861741118,2429533.9203982223,1241759.3298504637,3345869.770349051
VU,10488180.939504461,2429533.9203982223,1241759.3298504637,3345869.770349051
VU,11078971.119298859,2429533.9203982223,1241759.3298504637,3345869.770349051
VU,11703039.999999993,2429533.9203982223,1241759.3298504637,3345869.770349051
